,cluster
1190002N15Rik,0
1500009C09Rik,1
1700028J19Rik,1
2010111I01Rik,0
2410015M20Rik,1
2700060E02Rik,1
4930415O20Rik,2
4930430F08Rik,3
4930444P10Rik,1
5730480H06Rik,1
8430408G22Rik,0
9030612E09Rik,1
9530077C05Rik,1
9830107B12Rik,3
A830010M20Rik,0
A930004D18Rik,1
A930011G23Rik,1
AI467606,4
AI846148,3
AI854703,1
Aaed1,3
Aard,1
Abca7,3
Abra,0
Acan,0
Acp7,1
Actr10,1
Actr3,0
Adamts1,0
Adamts10,1
Adamtsl5,1
Adgra2,3
Adrb1,0
Agpat4,3
Agpat9,1
Ahr,0
Ahsa2,1
Aif1,0
Aim1l,1
Akap10,1
Akirin1,0
Akt1,0
Amd2,1
Amigo2,1
Anapc10,1
Ankar,5
Ankrd13c,0
Ankrd27,1
Ankrd33b,0
Anks1b,1
Ap1ar,0
Ap1b1,1
Apaf1,0
Aprt,1
Aqp4,1
Arc,1
Areg,1
Arglu1,1
Arhgap39,1
Arhgef15,1
Arid1a,0
Arid1b,3
Arid5b,0
Arih1,0
Arl16,1
Arl4a,0
Arl4d,1
Arl5b,0
Armcx3,0
Armcx4,1
Armcx5,0
Arntl,1
Arpp19,0
Arpp21,0
Asb14,3
Asic4,0
Asna1,1
Aste1,1
Ate1,1
Atf3,0
Atg16l1,1
Atl2,1
Atp8b3,1
Atpif1,0
Aven,0
Avp,1
Avpi1,1
B3gnt2,0
B430203G13Rik,1
BC003331,1
Bach1,1
Bag3,3
Bahcc1,3
Banp,3
Bbs1,1
Bdnf,0
Birc5,3
Borcs8,0
Bst1,3
Btbd2,1
Btg1,3
Btg2,0
C130073F10Rik,6
C2cd4b,1
Cacna1b,1
Calcrl,3
Calu,0
Camk2a,1
Capsl,1
Card6,3
Cbx1,1
Cc2d1a,1
Ccar2,0
Ccdc137,1
Ccdc32,1
Ccdc7a,3
Ccdc93,0
Ccl27a,0
Ccnk,0
Ccno,1
Ccnt1,0
Ccpg1os,0
Cd1d1,3
Cd27,1
Cd5,7
Cdhr3,0
Cdk11b,0
Cds1,1
Cdv3,0
Cebpzos,0
Cecr6,0
Cenpf,3
Cenpl,1
Cep295,0
Chst14,0
Ciart,0
Cirh1a,1
Cisd2,1
Cited2,1
Clcc1,0
Cldn12,0
Clec16a,1
Clip2,1
Clptm1l,0
Clrn1,0
Cnnm1,0
Cnnm4,0
Coa3,1
Cog1,1
Col10a1,0
Col15a1,0
Comp,3
Copg2,3
Coq2,1
Cox7a2l,1
Cpeb4,0
Crebzf,0
Crlf3,1
Csnk1a1,0
Ctf1,3
Ctnnd1,0
Cul3,0
Cul9,0
Cwc25,0
Cxadr,0
Cyp11a1,1
Cyp2t4,1
D130040H23Rik,1
Dars,1
Dbpht2,0
Dck,1
Dcun1d3,0
Depdc7,3
Dhrs7,1
Dhx16,3
Diras1,0
Dlk1,8
Dlx5,3
Dmxl1,1
Dnaja1,0
Dnaja4,0
Dnajb1,0
Dock7,1
Dpm3,3
Dpyd,1
Dscc1,9
Dusp10,1
Dusp14,1
Dusp16,0
Dusp2,3
Dusp4,0
Dusp6,0
Dusp8,0
Dyrk2,1
Edar,10
Egflam,3
Egr1,0
Egr2,1
Egr3,0
Egr4,0
Eif1a,1
Eif2b1,1
Eif2s1,1
Eif5,0
Elavl1,1
Epc1,1
Ephx2,1
Eprs,0
Errfi1,0
Esm1,1
Extl1,3
F13a1,11
Fam118a,0
Fam122a,1
Fam150b,3
Fam174b,1
Fam189a2,1
Fam53c,0
Fam57a,1
Fam78a,3
Fbl,0
Fbxl2,0
Fbxl4,1
Fbxl6,1
Fbxo18,1
Fbxo33,0
Fbxo34,0
Fbxo42,1
Fbxw7,0
Fdx1l,0
Fgf8,3
Fkbp6,12
Flrt3,0
Fmr1,1
Fos,0
Fosb,0
Fosl2,0
Foxg1,1
Foxk1,3
Foxo1,0
Frat2,1
Frmd6,0
Fto,3
Fut7,3
Fxyd2,1
Fzd4,1
Fzd5,0
Gabra4,0
Gadd45b,0
Gadd45g,0
Gas2,3
Gata3,3
Gatad2b,0
Gch1,0
Gcm1,1
Gcnt2,0
Gdpd5,1
Gemin4,3
Gimap8,1
Gipc3,13
Glce,1
Glrx3,1
Glt28d2,3
Glyr1,3
Gm10130,3
Gm10184,14
Gm10250,1
Gm10696,3
Gm13889,0
Gm14685,0
Gm20425,3
Gm21830,3
Gm28036,1
Gm3854,3
Gm43786,15
Gm45140,3
Gm4847,3
Gm7276,3
Gm7694,0
Gm973,3
Gm9925,1
Gmeb2,0
Gmppb,3
Gnb1l,3
Gphn,1
Gpr157,3
Gpr19,0
Gpr22,0
Gprc5b,0
Grasp,3
Grb2,1
Gria1,3
Gria2,1
Grin1,1
Gstm2,16
Gstm5,3
Gstp1,1
Gyg,1
H2-DMb1,3
H2-Q10,3
Haghl,1
Harbi1,3
Has2,3
Hexa,0
Hilpda,3
Hipk3,1
Hist1h1d,3
Hist1h3i,1
Hmgcr,0
Hmha1,3
Hnrnpf,0
Hnrnpul1,1
Homer1,0
Hpn,0
Hpx,3
Hras,0
Hrh2,1
Hrh3,0
Hs6st1,1
Hspa1a,1
Hspa1b,1
Hspb3,1
Hsph1,0
Htr5b,3
Ier3,0
Ifrd1,0
Igf2r,1
Ighv5-17,17
Ikbip,3
Ikzf1,1
Il16,1
Il34,1
Il3ra,1
Ildr1,18
Ilvbl,3
Impg2,3
Ing2,0
Ipmk,0
Iqcg,1
Iqub,3
Irf9,3
Irs1,0
Irs2,0
Iscu,3
Itga7,3
Itgam,1
Itgb7,3
Jade3,1
Jag1,1
Jdp2,1
Jmjd1c,0
Jun,0
Junb,0
Jund,0
K230010J24Rik,3
Katnal1,3
Kazn,3
Kcna4,0
Kcnj2,1
Kcnma1,1
Kctd12,0
Kctd6,1
Kctd8,3
Kdm6b,0
Keap1,1
Khdrbs2,3
Klf16,1
Klf2,0
Klf8,1
Klhdc2,3
Klhl21,0
Klhl26,1
Knop1,0
Krba1,1
Krcc1,3
L3hypdh,0
Lat,3
Lats1,0
Lbh,0
Lgals1,3
Lgmn,1
Lif,1
Lin7c,3
Lmo7,3
Lonrf1,0
Lrrc10b,0
Lrrc48,0
Lsm7,3
Lyrm2,1
Lysmd3,1
Lysmd4,3
M1ap,19
Malsu1,1
Maml2,1
Mamld1,1
Mapkapk2,1
Mapre1,0
March11,0
Mcl1,0
Mea1,1
Mest,0
Mettl7a1,1
Mfap1a,1
Mfap3l,1
Mgst3,3
Minpp1,0
Mis12,0
Mkks,3
Mmp12,20
Mn1,1
Mobp,3
Mrpl42,1
Mrps16,0
Mrps23,0
Mrps26,1
Msmo1,3
Mtch2,0
Mtrf1,1
Myd88,1
Myeov2,1
Myl12b,1
Myom1,1
Naa30,3
Nab2,3
Naf1,1
Nap1l5,0
Ndnl2,0
Ndufs4,0
Ndufs5,1
Ndufv1,0
Necap1,1
Neurl4,3
Neurod2,0
Nexn,0
Nfam1,3
Nfil3,1
Ngrn,0
Nkrf,0
Nkx2-2,0
Npas4,0
Nppa,1
Nptx2,0
Npy1r,1
Npy5r,0
Nr2f1,0
Nr4a1,0
Nr4a2,0
Nr4a3,0
Nrg2,3
Nrip1,1
Nsf,1
Nsmaf,1
Ntpcr,1
Nuak1,1
Nuf2,3
Numb,0
Nup50,1
Nupr1,1
Odf4,21
Olfml2b,1
Olfr635,22
Orc5,1
Otog,1
Otud1,1
Oxr1,3
Pak6,1
Palb2,1
Parg,3
Pcdh8,0
Pdia4,1
Peli1,0
Per1,0
Phlda1,1
Phtf1,3
Pick1,1
Pigb,0
Pigm,0
Pira2,23
Pkd1,1
Plagl1,0
Pld6,3
Plekho1,0
Plk2,0
Plk3,3
Pmm2,3
Pnp,1
Pnpt1,1
Poc5,1
Polr2d,0
Ppat,0
Ppic,3
Ppm1d,0
Ppp1r15a,0
Ppp2r2a,1
Ppp6c,1
Prep,1
Prickle2,0
Prkcb,1
Prkci,1
Prkcz,3
Prmt3,1
Prnp,1
Prokr2,1
Prom2,24
Prpf38b,0
Prr15,1
Psmb8,3
Psmc3,0
Ptger4,1
Ptgs2,0
Ptpn22,3
Pxn,1
Rab11fip2,1
Rab2a,1
Rab39b,0
Rab3b,1
Raf1,1
Ranbp2,0
Rasd1,0
Rasl11a,1
Rbbp5,0
Rbbp8,1
Rbm38,1
Rbp4,0
Rbsn,1
Rdh16,1
Rfc5,3
Rfx2,0
Rfx7,0
Rgmb,0
Rgs2,0
Rgs4,0
Ripk3,25
Rnf128,1
Rnf138rt1,1
Rnf149,1
Rnft1,0
Rnpc3,0
Rom1,1
Rora,0
Rorb,1
Rpl21-ps4,26
Rpl36a,0
Rpp21,1
Rsbn1l,1
Rsrc1,3
Rundc1,1
Samd11,3
Samm50,3
Sbds,1
Scd3,1
Scg2,0
Scg3,1
Scrn1,1
Sdcbp,0
Sebox,3
Sec61b,3
Serp1,1
Sf3b1,0
Sgk1,0
Sgpl1,1
Sh2d3c,0
Shc4,3
Shmt2,1
Siah2,0
Sik1,0
Slc14a1,3
Slc16a1,1
Slc18a2,0
Slc18b1,1
Slc20a2,1
Slc23a4,1
Slc25a25,0
Slc2a3,0
Slc2a5,3
Slc35c2,1
Slc36a4,1
Slc5a10,27
Slc6a6,0
Slc7a15,3
Slco2a1,1
Smad7,0
Smc1b,1
Smg9,0
Smndc1,0
Snrpd2,1
Snx18,0
Snx4,0
Sorcs2,1
Sos1,3
Sowahc,1
Spata2l,0
Spcs3,0
Specc1l,1
Spin2c,1
Sptlc2,1
Spty2d1,0
Srek1ip1,1
Srf,0
Srgap1,1
Ssna1,0
Ssxb2,28
Stard3nl,3
Stmn4,1
Stx2,0
Sumf2,3
Suv39h1,1
Syt4,0
Syt5,1
Tada2b,0
Tax1bp1,1
Tbc1d17,1
Tbcel,0
Tceb2,1
Tcta,1
Tdrp,0
Tes,1
Tgfb3,0
Tgs1,0
Thap4,1
Thoc7,3
Tiparp,0
Tlr13,1
Tmed2,1
Tmem119,3
Tmem151b,1
Tmem167,1
Tmem201,1
Tmem253,3
Tmem39a,0
Tmem47,0
Tmem50a,1
Tmem8b,0
Tmprss9,1
Tmx4,3
Tnfrsf23,1
Tnip2,0
Toe1,0
Tox4,1
Tra2b,0
Traip,1
Trappc6b,0
Trhr,1
Trib1,0
Trim11,1
Trp53inp2,0
Tsen54,0
Tspan33,0
Tuba1b,1
Tubb2a,1
Tubb3,1
Tubb4a,0
Tubb4b,1
Txnip,1
U2af1l4,0
Uba3,1
Ubc,0
Ube2a,1
Ube2d3,1
Ube2l6,1
Ube2o,1
Unc5a,0
Uncx,1
Uqcrc2,1
Urb1,3
Usp17lc,29
Usp27x,0
Usp36,0
Uspl1,1
Vamp1,1
Veph1,1
Vmn1r63,1
Vmn2r10,30
Vwa3b,3
Wbscr16,3
Wdfy2,1
Wdr26,1
Wdr34,1
Wdr45b,1
Wdr83,3
Wwc1,0
Zbtb11,0
Zbtb21,0
Zbtb33,0
Zbtb41,3
Zc3h11a,1
Zc3h12c,1
Zc3h6,3
Zdbf2,1
Zdhhc2,3
Zfand5,0
Zfp207,0
Zfp24,0
Zfp26,1
Zfp276,1
Zfp281,0
Zfp385b,3
Zfp52,1
Zfp553,3
Zfp59,1
Zfp654,1
Zfp655,1
Zfp668,0
Zfp799,1
Zfp804b,1
Zfp869,1
Zfp87,3
Zfp937,3
Zfp950,1
Zfp994,0
Zkscan8,1
Zmym2,1
Zranb1,1
Zscan2,3
