,R,G,B,hex_val,gene,candy
1190002N15Rik,0.9812066407010711,0.39996000000000004,0.418653359298929,#fa666b,1190002N15Rik,X
1500009C09Rik,0.39908000000000005,0.99710138,0.39967862000000004,#66fe66,1500009C09Rik,X
1700028J19Rik,0.36072,0.8640502325581395,0.39846976744186047,#5cdc66,1700028J19Rik,X
2010111I01Rik,0.9796121739130436,0.39996000000000004,0.42024782608695654,#fa666b,2010111I01Rik,X
2410015M20Rik,0.36044000000000004,0.7753651162790698,0.48617488372093026,#5cc67c,2410015M20Rik,X
2700060E02Rik,0.36084000000000005,0.9021,0.36084000000000005,#5ce65c,2700060E02Rik,X
4930415O20Rik,0.5915915915915916,0.7351351351351352,0.4732732732732733,#97bb79,4930415O20Rik,X
4930430F08Rik,0.39968000000000004,0.9925854363089267,0.40629456369107325,#66fd68,4930430F08Rik,X
4930444P10Rik,0.3608,0.889413953488372,0.37338604651162793,#5ce35f,4930444P10Rik,X
5730480H06Rik,0.36084000000000005,0.9021,0.36084000000000005,#5ce65c,5730480H06Rik,X
8430408G22Rik,0.4468961283851555,0.949955145436309,0.40296872617853563,#72f267,8430408G22Rik,X
9030612E09Rik,0.36084000000000005,0.9021,0.36084000000000005,#5ce65c,9030612E09Rik,X
9530077C05Rik,0.36084000000000005,0.9021,0.36084000000000005,#5ce65c,9530077C05Rik,X
9830107B12Rik,0.40517299899699094,0.9218136810431293,0.47193331995987964,#67eb78,9830107B12Rik,X
A830010M20Rik,0.9806224732229796,0.39996000000000004,0.4192375267770205,#fa666b,A830010M20Rik,X
A930004D18Rik,0.5889373684210526,0.39982368421052633,0.8078189473684211,#9666ce,A930004D18Rik,X
A930011G23Rik,0.37768019277108433,0.831984578313253,0.4837752289156626,#60d47b,A930011G23Rik,X
AI467606,0.5915915915915916,0.7351351351351352,0.4732732732732733,#97bb79,AI467606,X
AI846148,0.39940000000000003,0.9978972837022133,0.4000027162977868,#66fe66,AI846148,X
AI854703,0.9800383057448881,0.39996000000000004,0.419821694255112,#fa666b,AI854703,X
Aaed1,0.39912000000000003,0.9972019180819182,0.39971808191808195,#66fe66,Aaed1,X
Aard,0.36004,0.6489093023255814,0.6112306976744186,#5ca59c,Aard,X
Abca7,0.3934254850299401,0.3941309700598803,0.9796835449101796,#6465fa,Abca7,X
Abra,0.9812066407010711,0.39996000000000004,0.418653359298929,#fa666b,Abra,X
Acan,0.9796121739130436,0.39996000000000004,0.42024782608695654,#fa666b,Acan,X
Acp7,0.36004,0.6489093023255814,0.6112306976744186,#5ca59c,Acp7,X
Actr10,0.9775060759493671,0.39988,0.42207392405063293,#f9666c,Actr10,X
Actr3,0.6952801169590643,0.40022426900584795,0.7028756140350877,#b166b3,Actr3,X
Adamts1,0.9796121739130436,0.39996000000000004,0.42024782608695654,#fa666b,Adamts1,X
Adamts10,0.36004,0.6363497674418606,0.6237902325581396,#5ca29f,Adamts10,X
Adamtsl5,0.36004,0.6489093023255814,0.6112306976744186,#5ca59c,Adamtsl5,X
Adgra2,0.39912000000000003,0.9972019180819182,0.39971808191808195,#66fe66,Adgra2,X
Adrb1,0.9794541382667965,0.39996000000000004,0.42040586173320355,#fa666b,Adrb1,X
Agpat4,0.46915881188118813,0.40038574257425746,0.9268554455445545,#7866ec,Agpat4,X
Agpat9,0.36008,0.6238595348837209,0.6364204651162791,#5c9fa2,Agpat9,X
Ahr,0.8513768421052631,0.4005447368421053,0.5478984210526316,#d9668c,Ahr,X
Ahsa2,0.36004,0.6363497674418606,0.6237902325581396,#5ca29f,Ahsa2,X
Aif1,0.39932,0.9976986144578314,0.3999213855421687,#66fe66,Aif1,X
Aim1l,0.37259953488372094,0.6237902325581396,0.6237902325581396,#5f9f9f,Aim1l,X
Akap10,0.4001691489361702,0.6209521276595745,0.6465787234042554,#669ea5,Akap10,X
Akirin1,0.9784528695652175,0.39996000000000004,0.4214071304347826,#fa666b,Akirin1,X
Akt1,0.9510813529411765,0.40878264705882356,0.439956,#f36870,Akt1,X
Amd2,0.6089494163424125,0.4974708171206226,0.693579766536965,#9b7fb1,Amd2,X
Amigo2,0.8279497674418604,0.43709023255813956,0.36144,#d36f5c,Amigo2,X
Anapc10,0.36032000000000003,0.548859534883721,0.7122604651162792,#5c8cb6,Anapc10,X
Ankar,0.5915915915915916,0.7351351351351352,0.4732732732732733,#97bb79,Ankar,X
Ankrd13c,0.9806224732229796,0.39996000000000004,0.4192375267770205,#fa666b,Ankrd13c,X
Ankrd27,0.46612818991097926,0.39979228486646884,0.9304795252225518,#7766ed,Ankrd27,X
Ankrd33b,0.9788699707887051,0.39996000000000004,0.4209900292112951,#fa666b,Ankrd33b,X
Anks1b,0.9456793145654834,0.3912,0.4235206854345165,#f1646c,Anks1b,X
Ap1ar,0.9812066407010711,0.39996000000000004,0.418653359298929,#fa666b,Ap1ar,X
Ap1b1,0.7977234664070108,0.39964,0.6010165335929892,#cb6699,Ap1b1,X
Apaf1,0.9812066407010711,0.39996000000000004,0.418653359298929,#fa666b,Apaf1,X
Aprt,0.36036,0.7500516279069768,0.5112083720930234,#5cbf82,Aprt,X
Aqp4,0.36004,0.6489093023255814,0.6112306976744186,#5ca59c,Aqp4,X
Arc,0.9796121739130436,0.39996000000000004,0.42024782608695654,#fa666b,Arc,O
Areg,0.36076,0.8767306976744186,0.3859293023255815,#5ce062,Areg,X
Arglu1,0.38684,0.38684,0.9671,#6363f7,Arglu1,X
Arhgap39,0.36008,0.6238595348837209,0.6364204651162791,#5c9fa2,Arhgap39,X
Arhgef15,0.3998,0.6355999999999999,0.7609999999999999,#66a2c2,Arhgef15,X
Arid1a,0.8038220487804879,0.40113061463414634,0.594867336585366,#cd6698,Arid1a,X
Arid1b,0.3998110204081633,0.4163085714285714,0.9802804081632653,#666afa,Arid1b,X
Arid5b,0.9796121739130436,0.39996000000000004,0.42024782608695654,#fa666b,Arid5b,X
Arih1,0.9788699707887051,0.39996000000000004,0.4209900292112951,#fa666b,Arih1,X
Arl16,0.36004,0.6489093023255814,0.6112306976744186,#5ca59c,Arl16,X
Arl4a,0.9783068287937743,0.40521239299610895,0.41630077821011674,#f9676a,Arl4a,X
Arl4d,0.9796121739130436,0.39996000000000004,0.42024782608695654,#fa666b,Arl4d,X
Arl5b,0.9790325217391305,0.39996000000000004,0.4208274782608696,#fa666b,Arl5b,X
Armcx3,0.9772935652173913,0.39996000000000004,0.42256643478260875,#f9666c,Armcx3,X
Armcx4,0.8911727854855923,0.4683690501600854,0.4276781643543223,#e3776d,Armcx4,X
Armcx5,0.9800383057448881,0.39996000000000004,0.419821694255112,#fa666b,Armcx5,X
Arntl,0.9454066257668712,0.39112,0.42351337423312885,#f1646c,Arntl,X
Arpp19,0.867293982473223,0.39996000000000004,0.532566017526777,#dd6688,Arpp19,X
Arpp21,0.9788699707887051,0.39996000000000004,0.4209900292112951,#fa666b,Arpp21,X
Asb14,0.39980120481927717,0.41783734939759043,0.9787614457831325,#666bfa,Asb14,X
Asic4,0.9796121739130436,0.39996000000000004,0.42024782608695654,#fa666b,Asic4,X
Asna1,0.39912000000000003,0.9972019180819182,0.39971808191808195,#66fe66,Asna1,X
Aste1,0.36008,0.6238595348837209,0.6364204651162791,#5c9fa2,Aste1,X
Ate1,0.39908000000000005,0.99710138,0.39967862000000004,#66fe66,Ate1,X
Atf3,0.9796121739130436,0.39996000000000004,0.42024782608695654,#fa666b,Atf3,X
Atg16l1,0.922969324055666,0.4727161431411531,0.40413453280318096,#eb7967,Atg16l1,X
Atl2,0.4054162487462387,0.9235707121364092,0.47101303911735204,#67ec78,Atl2,X
Atp8b3,0.36004,0.6489093023255814,0.6112306976744186,#5ca59c,Atp8b3,X
Atpif1,0.39912000000000003,0.9972019180819182,0.39971808191808195,#66fe66,Atpif1,X
Aven,0.39912000000000003,0.9972019180819182,0.39971808191808195,#66fe66,Aven,X
Avp,0.36076,0.8767306976744186,0.3859293023255815,#5ce062,Avp,X
Avpi1,0.9796121739130436,0.39996000000000004,0.42024782608695654,#fa666b,Avpi1,X
B3gnt2,0.9788699707887051,0.39996000000000004,0.4209900292112951,#fa666b,B3gnt2,X
B430203G13Rik,0.9800383057448881,0.39996000000000004,0.419821694255112,#fa666b,B430203G13Rik,X
BC003331,0.36060000000000003,0.47155384615384616,0.7905461538461538,#5c78ca,BC003331,X
Bach1,0.7650068085106383,0.36136,0.4997531914893617,#c35c7f,Bach1,X
Bag3,0.40837599198396796,0.9884782965931864,0.4029657114228457,#68fc67,Bag3,X
Bahcc1,0.4685659405940594,0.40038574257425746,0.9274483168316832,#7766ec,Bahcc1,X
Banp,0.46908961424332346,0.39979228486646884,0.9275181008902076,#7866ed,Banp,X
Bbs1,0.39912000000000003,0.9972019180819182,0.39971808191808195,#66fe66,Bbs1,X
Bdnf,0.9796121739130436,0.39996000000000004,0.42024782608695654,#fa666b,Bdnf,X
Birc5,0.5076753261927945,0.39968000000000004,0.8912046738072055,#8166e3,Birc5,X
Borcs8,0.9788699707887051,0.39996000000000004,0.4209900292112951,#fa666b,Borcs8,X
Bst1,0.4046082669322709,0.4350284462151394,0.9569432868525897,#676ff4,Bst1,X
Btbd2,0.36004,0.6363497674418606,0.6237902325581396,#5ca29f,Btbd2,X
Btg1,0.9796121739130436,0.39996000000000004,0.42024782608695654,#fa666b,Btg1,X
Btg2,0.9796121739130436,0.39996000000000004,0.42024782608695654,#fa666b,Btg2,X
C130073F10Rik,0.40516757515030055,0.9909882164328656,0.4027642084168337,#67fd67,C130073F10Rik,X
C2cd4b,0.9796121739130436,0.39996000000000004,0.42024782608695654,#fa666b,C2cd4b,X
Cacna1b,0.3608,0.889413953488372,0.37338604651162793,#5ce35f,Cacna1b,X
Calcrl,0.39924000000000004,0.41940569387755106,0.9779343061224489,#666bf9,Calcrl,X
Calu,0.9796121739130436,0.39996000000000004,0.42024782608695654,#fa666b,Calu,X
Camk2a,0.36048,0.788026046511628,0.4736539534883721,#5cc979,Camk2a,O
Capsl,0.37255813953488376,0.636279069767442,0.6111627906976744,#5fa29c,Capsl,X
Card6,0.5915915915915916,0.7351351351351352,0.4732732732732733,#97bb79,Card6,X
Cbx1,0.40417221664994984,0.9890685857572719,0.4065791975927784,#67fc68,Cbx1,X
Cc2d1a,0.39912000000000003,0.9972019180819182,0.39971808191808195,#66fe66,Cc2d1a,X
Ccar2,0.9796121739130436,0.39996000000000004,0.42024782608695654,#fa666b,Ccar2,X
Ccdc137,0.39916,0.99730126,0.39975874,#66fe66,Ccdc137,X
Ccdc32,0.5763218867924528,0.36148,0.6888581132075472,#935cb0,Ccdc32,X
Ccdc7a,0.404531073219659,0.9271339017051153,0.4670750250752257,#67ec77,Ccdc7a,X
Ccdc93,0.7988908666017527,0.39964,0.5998491333982473,#cc6699,Ccdc93,X
Ccl27a,0.9753649659201558,0.39996000000000004,0.42449503407984424,#f9666c,Ccl27a,X
Ccnk,0.9790325217391305,0.39996000000000004,0.4208274782608696,#fa666b,Ccnk,X
Ccno,0.9790325217391305,0.39996000000000004,0.4208274782608696,#fa666b,Ccno,X
Ccnt1,0.39376000000000005,0.4367408450704226,0.9414191549295775,#646ff0,Ccnt1,X
Ccpg1os,0.39912000000000003,0.9972019180819182,0.39971808191808195,#66fe66,Ccpg1os,X
Cd1d1,0.46571824701195225,0.3995560557768924,0.9300456972111554,#7766ed,Cd1d1,X
Cd27,0.5877746198830409,0.40022426900584795,0.8103811111111111,#9666cf,Cd27,X
Cd5,0.5915915915915916,0.7351351351351352,0.4732732732732733,#97bb79,Cd5,X
Cdhr3,0.9788699707887051,0.39996000000000004,0.4209900292112951,#fa666b,Cdhr3,X
Cdk11b,0.9796121739130436,0.39996000000000004,0.42024782608695654,#fa666b,Cdk11b,X
Cds1,0.36004,0.6489093023255814,0.6112306976744186,#5ca59c,Cds1,X
Cdv3,0.39912000000000003,0.9972019180819182,0.39971808191808195,#66fe66,Cdv3,X
Cebpzos,0.6655460869565217,0.7183076086956521,0.4159663043478261,#aab76a,Cebpzos,X
Cecr6,0.9812066407010711,0.39996000000000004,0.418653359298929,#fa666b,Cecr6,X
Cenpf,0.39940000000000003,0.9327377643504532,0.4651622356495469,#66ee77,Cenpf,X
Cenpl,0.39904000000000006,0.9970008408408408,0.39963915915915915,#66fe66,Cenpl,X
Cep295,0.39912000000000003,0.9972019180819182,0.39971808191808195,#66fe66,Cep295,X
Chst14,0.9788699707887051,0.39996000000000004,0.4209900292112951,#fa666b,Chst14,X
Ciart,0.9794541382667965,0.39996000000000004,0.42040586173320355,#fa666b,Ciart,X
Cirh1a,0.47233201581027673,0.8096837944664032,0.5179841897233202,#78ce84,Cirh1a,X
Cisd2,0.36008,0.6615423255813954,0.5987376744186047,#5ca999,Cisd2,X
Cited2,0.9796121739130436,0.39996000000000004,0.42024782608695654,#fa666b,Cited2,X
Clcc1,0.7975271929824562,0.40022426900584795,0.6006285380116958,#cb6699,Clcc1,X
Cldn12,0.9806224732229796,0.39996000000000004,0.4192375267770205,#fa666b,Cldn12,X
Clec16a,0.36060000000000003,0.47155384615384616,0.7905461538461538,#5c78ca,Clec16a,X
Clip2,0.36084000000000005,0.9021,0.36084000000000005,#5ce65c,Clip2,X
Clptm1l,0.9782858033106135,0.4005441674780915,0.4209900292112951,#f9666b,Clptm1l,X
Clrn1,0.6069142745861733,0.39968000000000004,0.7919657254138267,#9b66ca,Clrn1,X
Cnnm1,0.9788699707887051,0.39996000000000004,0.4209900292112951,#fa666b,Cnnm1,X
Cnnm4,0.8461705744888023,0.39964,0.5525694255111977,#d8668d,Cnnm4,X
Coa3,0.39908000000000005,0.99710138,0.39967862000000004,#66fe66,Coa3,X
Cog1,0.36084000000000005,0.9021,0.36084000000000005,#5ce65c,Cog1,X
Col10a1,0.9800383057448881,0.39996000000000004,0.419821694255112,#fa666b,Col10a1,X
Col15a1,0.39912000000000003,0.9972019180819182,0.39971808191808195,#66fe66,Col15a1,X
Comp,0.41965866141732283,0.4261482283464567,0.9523931102362205,#6b6df3,Comp,X
Copg2,0.4163932673267327,0.40038574257425746,0.9796209900990099,#6a66fa,Copg2,X
Coq2,0.36032000000000003,0.548859534883721,0.7122604651162792,#5c8cb6,Coq2,X
Cox7a2l,0.36004,0.6363497674418606,0.6237902325581396,#5ca29f,Cox7a2l,X
Cpeb4,0.9788699707887051,0.39996000000000004,0.4209900292112951,#fa666b,Cpeb4,X
Crebzf,0.39912000000000003,0.9972019180819182,0.39971808191808195,#66fe66,Crebzf,X
Crlf3,0.36084000000000005,0.9021,0.36084000000000005,#5ce65c,Crlf3,X
Csnk1a1,0.9794541382667965,0.39996000000000004,0.42040586173320355,#fa666b,Csnk1a1,X
Ctf1,0.39912000000000003,0.9972019180819182,0.39971808191808195,#66fe66,Ctf1,X
Ctnnd1,0.9259511332007953,0.4703306958250497,0.4035381709741551,#ec7867,Ctnnd1,X
Cul3,0.9788699707887051,0.39996000000000004,0.4209900292112951,#fa666b,Cul3,X
Cul9,0.8974712195121951,0.40113061463414634,0.5012181658536585,#e56680,Cul9,X
Cwc25,0.9796121739130436,0.39996000000000004,0.42024782608695654,#fa666b,Cwc25,X
Cxadr,0.9800383057448881,0.39996000000000004,0.419821694255112,#fa666b,Cxadr,X
Cyp11a1,0.4679050445103857,0.39979228486646884,0.9287026706231453,#7766ed,Cyp11a1,X
Cyp2t4,0.36004,0.6489093023255814,0.6112306976744186,#5ca59c,Cyp2t4,X
D130040H23Rik,0.36084000000000005,0.9021,0.36084000000000005,#5ce65c,D130040H23Rik,X
Dars,0.39912000000000003,0.9972019180819182,0.39971808191808195,#66fe66,Dars,X
Dbpht2,0.9812066407010711,0.39996000000000004,0.418653359298929,#fa666b,Dbpht2,X
Dck,0.9795728944820911,0.4011215488867377,0.4191255566311714,#fa666b,Dck,X
Dcun1d3,0.8501463414634147,0.503609756097561,0.4462439024390244,#d98072,Dcun1d3,X
Depdc7,0.39916,0.99730126,0.39975874,#66fe66,Depdc7,X
Dhrs7,0.41387647058823535,0.40330941176470586,0.9792141176470588,#6a67fa,Dhrs7,X
Dhx16,0.45994315789473683,0.5247321052631579,0.8119047368421052,#7586cf,Dhx16,X
Diras1,0.39908000000000005,0.99710138,0.39967862000000004,#66fe66,Diras1,X
Dlk1,0.5915915915915916,0.7351351351351352,0.4732732732732733,#97bb79,Dlk1,X
Dlx5,0.39912000000000003,0.9972019180819182,0.39971808191808195,#66fe66,Dlx5,X
Dmxl1,0.39912000000000003,0.9972019180819182,0.39971808191808195,#66fe66,Dmxl1,X
Dnaja1,0.9796121739130436,0.39996000000000004,0.42024782608695654,#fa666b,Dnaja1,X
Dnaja4,0.9794342105263157,0.4005447368421053,0.41984105263157895,#fa666b,Dnaja4,X
Dnajb1,0.9796121739130436,0.39996000000000004,0.42024782608695654,#fa666b,Dnajb1,X
Dock7,0.39912000000000003,0.9972019180819182,0.39971808191808195,#66fe66,Dock7,X
Dpm3,0.39912000000000003,0.9972019180819182,0.39971808191808195,#66fe66,Dpm3,X
Dpyd,0.36004,0.6489093023255814,0.6112306976744186,#5ca59c,Dpyd,X
Dscc1,0.5915915915915916,0.7351351351351352,0.4732732732732733,#97bb79,Dscc1,X
Dusp10,0.561122244488978,0.7661322645290581,0.47274549098196395,#8fc379,Dusp10,X
Dusp14,0.9788699707887051,0.39996000000000004,0.4209900292112951,#fa666b,Dusp14,X
Dusp16,0.9796121739130436,0.39996000000000004,0.42024782608695654,#fa666b,Dusp16,X
Dusp2,0.36084000000000005,0.9021,0.36084000000000005,#5ce65c,Dusp2,X
Dusp4,0.9790325217391305,0.39996000000000004,0.4208274782608696,#fa666b,Dusp4,X
Dusp6,0.9796121739130436,0.39996000000000004,0.42024782608695654,#fa666b,Dusp6,X
Dusp8,0.9788699707887051,0.39996000000000004,0.4209900292112951,#fa666b,Dusp8,X
Dyrk2,0.36004,0.6489093023255814,0.6112306976744186,#5ca59c,Dyrk2,X
Edar,0.40516757515030055,0.9909882164328656,0.4027642084168337,#67fd67,Edar,X
Egflam,0.40480961923847697,0.9855711422845691,0.4096192384769539,#67fb68,Egflam,X
Egr1,0.9796121739130436,0.39996000000000004,0.42024782608695654,#fa666b,Egr1,X
Egr2,0.9796121739130436,0.39996000000000004,0.42024782608695654,#fa666b,Egr2,X
Egr3,0.9796121739130436,0.39996000000000004,0.42024782608695654,#fa666b,Egr3,X
Egr4,0.9796121739130436,0.39996000000000004,0.42024782608695654,#fa666b,Egr4,X
Eif1a,0.3988151390319259,0.40189083419155514,0.9911940267765191,#6666fd,Eif1a,X
Eif2b1,0.36076,0.8767306976744186,0.3859293023255815,#5ce062,Eif2b1,X
Eif2s1,0.38716,0.7895358951965065,0.5655241048034935,#63c990,Eif2s1,X
Eif5,0.9796121739130436,0.39996000000000004,0.42024782608695654,#fa666b,Eif5,X
Elavl1,0.39896,0.6444584553660982,0.7519015446339018,#66a4c0,Elavl1,X
Epc1,0.36004,0.6489093023255814,0.6112306976744186,#5ca59c,Epc1,X
Ephx2,0.36004,0.6489093023255814,0.6112306976744186,#5ca59c,Ephx2,X
Eprs,0.8513768421052631,0.4005447368421053,0.5478984210526316,#d9668c,Eprs,X
Errfi1,0.9796121739130436,0.39996000000000004,0.42024782608695654,#fa666b,Errfi1,X
Esm1,0.36004,0.6489093023255814,0.6112306976744186,#5ca59c,Esm1,X
Extl1,0.46560158415841585,0.40038574257425746,0.9304126732673268,#7766ed,Extl1,X
F13a1,0.5915915915915916,0.7351351351351352,0.4732732732732733,#97bb79,F13a1,X
Fam118a,0.9298773293768546,0.46286172106824924,0.40708094955489615,#ed7668,Fam118a,X
Fam122a,0.36344,0.392645,0.8793949999999999,#5d64e0,Fam122a,X
Fam150b,0.4667873267326733,0.40038574257425746,0.9292269306930694,#7766ed,Fam150b,X
Fam174b,0.39912000000000003,0.9972019180819182,0.39971808191808195,#66fe66,Fam174b,X
Fam189a2,0.36084000000000005,0.9021,0.36084000000000005,#5ce65c,Fam189a2,X
Fam53c,0.7459194658753708,0.642665697329377,0.41123483679525225,#bea469,Fam53c,X
Fam57a,0.3742232142857143,0.38253928571428575,0.9197574999999999,#5f62eb,Fam57a,X
Fam78a,0.36416000000000004,0.36416000000000004,0.9104,#5d5de8,Fam78a,X
Fbl,0.9796121739130436,0.39996000000000004,0.42024782608695654,#fa666b,Fbl,X
Fbxl2,0.8042038948393379,0.39996000000000004,0.5956561051606623,#cd6698,Fbxl2,X
Fbxl4,0.36004,0.6363497674418606,0.6237902325581396,#5ca29f,Fbxl4,X
Fbxl6,0.39904000000000006,0.9970008408408408,0.39963915915915915,#66fe66,Fbxl6,X
Fbxo18,0.36004,0.6489093023255814,0.6112306976744186,#5ca59c,Fbxo18,X
Fbxo33,0.9796121739130436,0.39996000000000004,0.42024782608695654,#fa666b,Fbxo33,X
Fbxo34,0.9788699707887051,0.39996000000000004,0.4209900292112951,#fa666b,Fbxo34,X
Fbxo42,0.40452625250501,0.9914898396793587,0.4027239078156313,#67fd67,Fbxo42,X
Fbxw7,0.9788699707887051,0.39996000000000004,0.4209900292112951,#fa666b,Fbxw7,X
Fdx1l,0.685041443902439,0.4008096780487805,0.7125288780487805,#af66b6,Fdx1l,X
Fgf8,0.40517299899699094,0.9266252357071213,0.46712176529588767,#67ec77,Fgf8,X
Fkbp6,0.40517299899699094,0.9266252357071213,0.46712176529588767,#67ec77,Fkbp6,X
Flrt3,0.9788699707887051,0.39996000000000004,0.4209900292112951,#fa666b,Flrt3,X
Fmr1,0.37255813953488376,0.636279069767442,0.6111627906976744,#5fa29c,Fmr1,O
Fos,0.9796121739130436,0.39996000000000004,0.42024782608695654,#fa666b,Fos,O
Fosb,0.9796121739130436,0.39996000000000004,0.42024782608695654,#fa666b,Fosb,X
Fosl2,0.9796121739130436,0.39996000000000004,0.42024782608695654,#fa666b,Fosl2,O
Foxg1,0.8910144927536232,0.4,0.5089855072463768,#e36682,Foxg1,X
Foxk1,0.36048,0.788026046511628,0.4736539534883721,#5cc979,Foxk1,X
Foxo1,0.8460215204678363,0.40022426900584795,0.5521342105263158,#d8668d,Foxo1,X
Frat2,0.36076,0.8767306976744186,0.3859293023255815,#5ce062,Frat2,X
Frmd6,0.9796121739130436,0.39996000000000004,0.42024782608695654,#fa666b,Frmd6,X
Fto,0.4123604395604396,0.40338741258741256,0.9806521478521478,#6967fa,Fto,X
Fut7,0.40517299899699094,0.9218136810431293,0.47193331995987964,#67eb78,Fut7,X
Fxyd2,0.39912000000000003,0.9972019180819182,0.39971808191808195,#66fe66,Fxyd2,X
Fzd4,0.36084000000000005,0.9021,0.36084000000000005,#5ce65c,Fzd4,X
Fzd5,0.9794541382667965,0.39996000000000004,0.42040586173320355,#fa666b,Fzd5,X
Gabra4,0.39912000000000003,0.9972019180819182,0.39971808191808195,#66fe66,Gabra4,X
Gadd45b,0.40324396793587175,0.9234166733466933,0.47171935871743487,#67eb78,Gadd45b,X
Gadd45g,0.9790325217391305,0.39996000000000004,0.4208274782608696,#fa666b,Gadd45g,X
Gas2,0.39912000000000003,0.9972019180819182,0.39971808191808195,#66fe66,Gas2,X
Gata3,0.6334630350194552,0.4980544747081712,0.6684824902723736,#a27faa,Gata3,X
Gatad2b,0.4000403607214429,0.6575951102204409,0.7398445290581163,#66a8bd,Gatad2b,X
Gch1,0.41425847070506455,0.9808353723932474,0.4047261569016882,#6afa67,Gch1,X
Gcm1,0.39912000000000003,0.9972019180819182,0.39971808191808195,#66fe66,Gcm1,X
Gcnt2,0.9788699707887051,0.39996000000000004,0.4209900292112951,#fa666b,Gcnt2,X
Gdpd5,0.39912000000000003,0.9972019180819182,0.39971808191808195,#66fe66,Gdpd5,X
Gemin4,0.39964,0.6058734804413239,0.792866519558676,#669aca,Gemin4,X
Gimap8,0.36008,0.6238595348837209,0.6364204651162791,#5c9fa2,Gimap8,X
Gipc3,0.40516757515030055,0.9909882164328656,0.4027642084168337,#67fd67,Gipc3,X
Glce,0.37259953488372094,0.6237902325581396,0.6237902325581396,#5f9f9f,Glce,X
Glrx3,0.36084000000000005,0.9021,0.36084000000000005,#5ce65c,Glrx3,X
Glt28d2,0.41527117296222665,0.4003904572564613,0.9807383697813121,#6a66fa,Glt28d2,X
Glyr1,0.5714268421052631,0.39982368421052633,0.8253294736842106,#9266d2,Glyr1,X
Gm10130,0.404531073219659,0.9271339017051153,0.4670750250752257,#67ec77,Gm10130,X
Gm10184,0.5915915915915916,0.7351351351351352,0.4732732732732733,#97bb79,Gm10184,X
Gm10250,0.4141103585657371,0.40158565737051793,0.980703984063745,#6a66fa,Gm10250,X
Gm10696,0.404531073219659,0.9271339017051153,0.4670750250752257,#67ec77,Gm10696,X
Gm13889,0.9796121739130436,0.39996000000000004,0.42024782608695654,#fa666b,Gm13889,X
Gm14685,0.9788699707887051,0.39996000000000004,0.4209900292112951,#fa666b,Gm14685,X
Gm20425,0.404531073219659,0.9271339017051153,0.4670750250752257,#67ec77,Gm20425,X
Gm21830,0.5998318597857838,0.39924000000000004,0.7975081402142162,#9966cb,Gm21830,X
Gm28036,0.39908000000000005,0.99710138,0.39967862000000004,#66fe66,Gm28036,X
Gm3854,0.41669172346640704,0.4003661148977605,0.9793421616358325,#6a66fa,Gm3854,X
Gm43786,0.8986492143549951,0.41334372453928225,0.48782706110572266,#e5697c,Gm43786,X
Gm45140,0.446629702970297,0.40038574257425746,0.9493845544554456,#7266f2,Gm45140,X
Gm4847,0.40517299899699094,0.9218136810431293,0.47193331995987964,#67eb78,Gm4847,X
Gm7276,0.39940000000000003,0.9334066398390343,0.4644933601609659,#66ee76,Gm7276,X
Gm7694,0.9811701658536587,0.40113061463414634,0.41751921951219517,#fa666a,Gm7694,X
Gm973,0.39828,0.403207175257732,0.9907728247422681,#6667fd,Gm973,X
Gm9925,0.36072,0.8640502325581395,0.39846976744186047,#5cdc66,Gm9925,X
Gmeb2,0.9788699707887051,0.39996000000000004,0.4209900292112951,#fa666b,Gmeb2,X
Gmppb,0.46795740561471444,0.41800580832526624,0.9140367860600194,#776be9,Gmppb,X
Gnb1l,0.46560158415841585,0.40038574257425746,0.9304126732673268,#7766ed,Gnb1l,X
Gphn,0.9796121739130436,0.39996000000000004,0.42024782608695654,#fa666b,Gphn,X
Gpr157,0.4336882865440465,0.41858664085188774,0.9477250726040658,#6f6bf2,Gpr157,X
Gpr19,0.9788699707887051,0.39996000000000004,0.4209900292112951,#fa666b,Gpr19,X
Gpr22,0.9806224732229796,0.39996000000000004,0.4192375267770205,#fa666b,Gpr22,X
Gprc5b,0.8232512315270935,0.49399014778325123,0.4827586206896552,#d27e7b,Gprc5b,X
Grasp,0.5857838364167478,0.4,0.8142161635832522,#9566d0,Grasp,X
Grb2,0.36084000000000005,0.9021,0.36084000000000005,#5ce65c,Grb2,X
Gria1,0.36004,0.6363497674418606,0.6237902325581396,#5ca29f,Gria1,O
Gria2,0.9796121739130436,0.39996000000000004,0.42024782608695654,#fa666b,Gria2,O
Grin1,0.36484000000000005,0.4802485714285714,0.7966914285714286,#5d7acb,Grin1,O
Gstm2,0.5915915915915916,0.7351351351351352,0.4732732732732733,#97bb79,Gstm2,X
Gstm5,0.39912000000000003,0.9972019180819182,0.39971808191808195,#66fe66,Gstm5,X
Gstp1,0.36084000000000005,0.9021,0.36084000000000005,#5ce65c,Gstp1,X
Gyg,0.36004,0.6489093023255814,0.6112306976744186,#5ca59c,Gyg,X
H2-DMb1,0.4032475827482448,0.9281508726178535,0.46698154463390174,#67ed77,H2-DMb1,X
H2-Q10,0.4046082669322709,0.4350284462151394,0.9569432868525897,#676ff4,H2-Q10,X
Haghl,0.39916,0.99730126,0.39975874,#66fe66,Haghl,X
Harbi1,0.4020791286307054,0.3995997095435685,0.9909411618257261,#6766fd,Harbi1,X
Has2,0.41527117296222665,0.4003904572564613,0.9807383697813121,#6a66fa,Has2,X
Hexa,0.4077826880641926,0.9890685857572719,0.40296872617853563,#68fc67,Hexa,X
Hilpda,0.7529581268292683,0.40084979512195124,0.6447520780487805,#c066a4,Hilpda,X
Hipk3,0.39908000000000005,0.99710138,0.39967862000000004,#66fe66,Hipk3,X
Hist1h1d,0.39912000000000003,0.9972019180819182,0.39971808191808195,#66fe66,Hist1h1d,X
Hist1h3i,0.36004,0.6489093023255814,0.6112306976744186,#5ca59c,Hist1h3i,X
Hmgcr,0.9796121739130436,0.39996000000000004,0.42024782608695654,#fa666b,Hmgcr,X
Hmha1,0.46619445544554455,0.40038574257425746,0.9298198019801981,#7766ed,Hmha1,X
Hnrnpf,0.9783068287937743,0.40521239299610895,0.41630077821011674,#f9676a,Hnrnpf,X
Hnrnpul1,0.3890273722627738,0.6813053284671533,0.598087299270073,#63ae99,Hnrnpul1,X
Homer1,0.9796121739130436,0.39996000000000004,0.42024782608695654,#fa666b,Homer1,X
Hpn,0.9806224732229796,0.39996000000000004,0.4192375267770205,#fa666b,Hpn,X
Hpx,0.404531073219659,0.9271339017051153,0.4670750250752257,#67ec77,Hpx,X
Hras,0.40963474827245805,0.6400542941757158,0.7458109575518262,#68a3be,Hras,X
Hrh2,0.5257971014492754,0.40057971014492755,0.8736231884057971,#8666df,Hrh2,X
Hrh3,0.44569263791374125,0.9469464192577733,0.4071809428284855,#72f168,Hrh3,X
Hs6st1,0.36068,0.46888399999999997,0.793496,#5c78ca,Hs6st1,X
Hspa1a,0.3608,0.889413953488372,0.37338604651162793,#5ce35f,Hspa1a,X
Hspa1b,0.36084000000000005,0.9021,0.36084000000000005,#5ce65c,Hspa1b,X
Hspb3,0.36008,0.6238595348837209,0.6364204651162791,#5c9fa2,Hspb3,X
Hsph1,0.9788699707887051,0.39996000000000004,0.4209900292112951,#fa666b,Hsph1,X
Htr5b,0.39916,0.99730126,0.39975874,#66fe66,Htr5b,X
Ier3,0.9796121739130436,0.39996000000000004,0.42024782608695654,#fa666b,Ier3,X
Ifrd1,0.9796121739130436,0.39996000000000004,0.42024782608695654,#fa666b,Ifrd1,X
Igf2r,0.4879162092793683,0.593736485686081,0.7149273050345508,#7c97b6,Igf2r,X
Ighv5-17,0.404531073219659,0.9271339017051153,0.4670750250752257,#67ec77,Ighv5-17,X
Ikbip,0.39976,0.991581223671013,0.407578776328987,#66fd68,Ikbip,X
Ikzf1,0.3992,0.9968024,0.4003976,#66fe66,Ikzf1,X
Il16,0.6013152046783625,0.3999038011695906,0.7957209941520467,#9966cb,Il16,X
Il34,0.36004,0.6363497674418606,0.6237902325581396,#5ca29f,Il34,X
Il3ra,0.36464,0.9116,0.36464,#5de85d,Il3ra,X
Ildr1,0.5915915915915916,0.7351351351351352,0.4732732732732733,#97bb79,Ildr1,X
Ilvbl,0.36044000000000004,0.7753651162790698,0.48617488372093026,#5cc67c,Ilvbl,X
Impg2,0.39940000000000003,0.9978972837022133,0.4000027162977868,#66fe66,Impg2,X
Ing2,0.9788699707887051,0.39996000000000004,0.4209900292112951,#fa666b,Ing2,X
Ipmk,0.8550264654333009,0.39996000000000004,0.5448335345666991,#da668b,Ipmk,X
Iqcg,0.4,0.8597793380140422,0.5402206619859579,#66db8a,Iqcg,X
Iqub,0.3992,0.43481411290322586,0.9623858870967742,#666ff5,Iqub,X
Irf9,0.467380198019802,0.40038574257425746,0.9286340594059407,#7766ed,Irf9,X
Irs1,0.9788699707887051,0.39996000000000004,0.4209900292112951,#fa666b,Irs1,X
Irs2,0.9790325217391305,0.39996000000000004,0.4208274782608696,#fa666b,Irs2,X
Iscu,0.39968000000000004,0.9925854363089267,0.40629456369107325,#66fd68,Iscu,X
Itga7,0.46803721946375376,0.3996744587884806,0.9281483217477656,#7766ed,Itga7,X
Itgam,0.36008,0.6546909090909091,0.605589090909091,#5ca79a,Itgam,X
Itgb7,0.45919880952380954,0.40038809523809527,0.9368130952380952,#7566ef,Itgb7,X
Jade3,0.36004,0.6363497674418606,0.6237902325581396,#5ca29f,Jade3,X
Jag1,0.953464886877828,0.38628,0.39851511312217197,#f36366,Jag1,X
Jdp2,0.44416,0.37476000000000004,0.80504,#7160cd,Jdp2,X
Jmjd1c,0.6156285998013903,0.7800610129096326,0.40413038728897716,#9dc767,Jmjd1c,X
Jun,0.9796121739130436,0.39996000000000004,0.42024782608695654,#fa666b,Jun,X
Junb,0.9796121739130436,0.39996000000000004,0.42024782608695654,#fa666b,Junb,X
Jund,0.9796121739130436,0.39996000000000004,0.42024782608695654,#fa666b,Jund,X
K230010J24Rik,0.5275827482447342,0.5059177532597794,0.7664994984954865,#8781c3,K230010J24Rik,X
Katnal1,0.39792000000000005,0.4133832124352332,0.9793367875647669,#6569fa,Katnal1,X
Kazn,0.38825813953488375,0.464846046511628,0.7935358139534884,#6377ca,Kazn,X
Kcna4,0.9800383057448881,0.39996000000000004,0.419821694255112,#fa666b,Kcna4,X
Kcnj2,0.9796121739130436,0.39996000000000004,0.42024782608695654,#fa666b,Kcnj2,X
Kcnma1,0.36076,0.5095735,0.7530865,#5c82c0,Kcnma1,X
Kctd12,0.9788699707887051,0.39996000000000004,0.4209900292112951,#fa666b,Kctd12,X
Kctd6,0.404773961885657,0.9240801003009027,0.4709659378134403,#67ec78,Kctd6,X
Kctd8,0.39916,0.99730126,0.39975874,#66fe66,Kctd8,X
Kdm6b,0.9796121739130436,0.39996000000000004,0.42024782608695654,#fa666b,Kdm6b,X
Keap1,0.39912000000000003,0.9972019180819182,0.39971808191808195,#66fe66,Keap1,X
Khdrbs2,0.39972,0.9920833901705115,0.4069366098294885,#66fd68,Khdrbs2,X
Klf16,0.7761265628042843,0.39964,0.6226134371957156,#c6669f,Klf16,X
Klf2,0.9796121739130436,0.39996000000000004,0.42024782608695654,#fa666b,Klf2,X
Klf8,0.36004,0.6489093023255814,0.6112306976744186,#5ca59c,Klf8,X
Klhdc2,0.5402206619859579,0.7875626880641926,0.4722166499498496,#8ac978,Klhdc2,X
Klhl21,0.9800383057448881,0.39996000000000004,0.419821694255112,#fa666b,Klhl21,X
Klhl26,0.40516757515030055,0.9909882164328656,0.4027642084168337,#67fd67,Klhl26,X
Knop1,0.9796121739130436,0.39996000000000004,0.42024782608695654,#fa666b,Knop1,X
Krba1,0.5465035014836795,0.39864000000000005,0.8487364985163205,#8b66d8,Krba1,X
Krcc1,0.4003987987987988,0.6389597597597598,0.7570414414414415,#66a3c1,Krcc1,X
L3hypdh,0.9796121739130436,0.39996000000000004,0.42024782608695654,#fa666b,L3hypdh,X
Lat,0.4679730693069307,0.40038574257425746,0.928041188118812,#7766ed,Lat,X
Lats1,0.4039296890672016,0.9920833901705115,0.4027269207622869,#67fd67,Lats1,X
Lbh,0.41371769383697815,0.9827037773359841,0.4035785288270378,#69fb67,Lbh,X
Lgals1,0.3998110204081633,0.4163085714285714,0.9802804081632653,#666afa,Lgals1,X
Lgmn,0.39912000000000003,0.9972019180819182,0.39971808191808195,#66fe66,Lgmn,X
Lif,0.36004,0.6489093023255814,0.6112306976744186,#5ca59c,Lif,X
Lin7c,0.45919880952380954,0.40870476190476196,0.9284964285714286,#7568ed,Lin7c,X
Lmo7,0.39912000000000003,0.9972019180819182,0.39971808191808195,#66fe66,Lmo7,X
Lonrf1,0.9796121739130436,0.39996000000000004,0.42024782608695654,#fa666b,Lonrf1,X
Lrrc10b,0.39912000000000003,0.9972019180819182,0.39971808191808195,#66fe66,Lrrc10b,X
Lrrc48,0.39912000000000003,0.9972019180819182,0.39971808191808195,#66fe66,Lrrc48,X
Lsm7,0.39912000000000003,0.9972019180819182,0.39971808191808195,#66fe66,Lsm7,X
Lyrm2,0.40040000000000003,0.4364,0.9596,#666ff5,Lyrm2,X
Lysmd3,0.36084000000000005,0.9021,0.36084000000000005,#5ce65c,Lysmd3,X
Lysmd4,0.36004,0.6489093023255814,0.6112306976744186,#5ca59c,Lysmd4,X
M1ap,0.5915915915915916,0.7351351351351352,0.4732732732732733,#97bb79,M1ap,X
Malsu1,0.4054162487462387,0.9085255767301906,0.48605817452357075,#67e87c,Malsu1,X
Maml2,0.36028000000000004,0.7247493023255813,0.5362306976744187,#5cb989,Maml2,X
Mamld1,0.36004,0.6489093023255814,0.6112306976744186,#5ca59c,Mamld1,X
Mapkapk2,0.8154448979591837,0.4501551020408164,0.36160000000000003,#d0735c,Mapkapk2,X
Mapre1,0.9790325217391305,0.39996000000000004,0.4208274782608696,#fa666b,Mapre1,X
March11,0.9788699707887051,0.39996000000000004,0.4209900292112951,#fa666b,March11,X
Mcl1,0.9796121739130436,0.39996000000000004,0.42024782608695654,#fa666b,Mcl1,X
Mea1,0.39936,0.9942109090909091,0.4035490909090909,#66fe67,Mea1,X
Mest,0.9817908081791626,0.39996000000000004,0.4180691918208374,#fa666b,Mest,X
Mettl7a1,0.36008,0.6238595348837209,0.6364204651162791,#5c9fa2,Mettl7a1,X
Mfap1a,0.36004,0.6363497674418606,0.6237902325581396,#5ca29f,Mfap1a,X
Mfap3l,0.36004,0.6489093023255814,0.6112306976744186,#5ca59c,Mfap3l,X
Mgst3,0.39912000000000003,0.9972019180819182,0.39971808191808195,#66fe66,Mgst3,X
Minpp1,0.4,0.9807422266800401,0.4192577733199599,#66fa6b,Minpp1,X
Mis12,0.36004,0.6489093023255814,0.6112306976744186,#5ca59c,Mis12,X
Mkks,0.39916,0.99730126,0.39975874,#66fe66,Mkks,X
Mmp12,0.5915915915915916,0.7351351351351352,0.4732732732732733,#97bb79,Mmp12,X
Mn1,0.36004,0.6489093023255814,0.6112306976744186,#5ca59c,Mn1,X
Mobp,0.39940000000000003,0.7408809667673717,0.6570190332326284,#66bda8,Mobp,X
Mrpl42,0.36048,0.788026046511628,0.4736539534883721,#5cc979,Mrpl42,X
Mrps16,0.39916,0.99730126,0.39975874,#66fe66,Mrps16,X
Mrps23,0.36004,0.6363497674418606,0.6237902325581396,#5ca29f,Mrps23,X
Mrps26,0.39968000000000004,0.9925854363089267,0.40629456369107325,#66fd68,Mrps26,X
Msmo1,0.6181286549707603,0.6543859649122807,0.5274853801169591,#9ea787,Msmo1,X
Mtch2,0.9796121739130436,0.39996000000000004,0.42024782608695654,#fa666b,Mtch2,X
Mtrf1,0.467380198019802,0.40038574257425746,0.9286340594059407,#7766ed,Mtrf1,X
Myd88,0.36004,0.6489093023255814,0.6112306976744186,#5ca59c,Myd88,X
Myeov2,0.39912000000000003,0.9972019180819182,0.39971808191808195,#66fe66,Myeov2,X
Myl12b,0.36004,0.6489093023255814,0.6112306976744186,#5ca59c,Myl12b,X
Myom1,0.36004,0.6489093023255814,0.6112306976744186,#5ca59c,Myom1,X
Naa30,0.46560158415841585,0.40038574257425746,0.9304126732673268,#7766ed,Naa30,X
Nab2,0.39912000000000003,0.9972019180819182,0.39971808191808195,#66fe66,Nab2,X
Naf1,0.6687099414062501,0.39974470703125004,0.7277653515625,#ab66ba,Naf1,X
Nap1l5,0.9796121739130436,0.39996000000000004,0.42024782608695654,#fa666b,Nap1l5,X
Ndnl2,0.9788699707887051,0.39996000000000004,0.4209900292112951,#fa666b,Ndnl2,X
Ndufs4,0.8000243859649122,0.40030438596491225,0.5984112280701754,#cc6699,Ndufs4,X
Ndufs5,0.36012,0.6741781395348838,0.5862418604651163,#5cac95,Ndufs5,X
Ndufv1,0.39912000000000003,0.9972019180819182,0.39971808191808195,#66fe66,Ndufv1,X
Necap1,0.36084000000000005,0.9021,0.36084000000000005,#5ce65c,Necap1,X
Neurl4,0.39916,0.99730126,0.39975874,#66fe66,Neurl4,X
Neurod2,0.9789921200387223,0.4017023233301065,0.4191255566311714,#fa666b,Neurod2,X
Nexn,0.8468390262901654,0.39968000000000004,0.5520409737098344,#d8668d,Nexn,X
Nfam1,0.467380198019802,0.40038574257425746,0.9286340594059407,#7766ed,Nfam1,X
Nfil3,0.9796121739130436,0.39996000000000004,0.42024782608695654,#fa666b,Nfil3,X
Ngrn,0.9761342608695652,0.39996000000000004,0.4237257391304348,#f9666c,Ngrn,X
Nkrf,0.9788699707887051,0.39996000000000004,0.4209900292112951,#fa666b,Nkrf,X
Nkx2-2,0.9806224732229796,0.39996000000000004,0.4192375267770205,#fa666b,Nkx2-2,X
Npas4,0.9796121739130436,0.39996000000000004,0.42024782608695654,#fa666b,Npas4,O
Nppa,0.37259953488372094,0.6237902325581396,0.6237902325581396,#5f9f9f,Nppa,X
Nptx2,0.9790325217391305,0.39996000000000004,0.4208274782608696,#fa666b,Nptx2,X
Npy1r,0.36064,0.45773538461538454,0.8045046153846153,#5c75cd,Npy1r,X
Npy5r,0.39916,0.9967037162837163,0.4003562837162838,#66fe66,Npy5r,X
Nr2f1,0.36084000000000005,0.9021,0.36084000000000005,#5ce65c,Nr2f1,X
Nr4a1,0.9796121739130436,0.39996000000000004,0.42024782608695654,#fa666b,Nr4a1,X
Nr4a2,0.9796121739130436,0.39996000000000004,0.42024782608695654,#fa666b,Nr4a2,X
Nr4a3,0.9796121739130436,0.39996000000000004,0.42024782608695654,#fa666b,Nr4a3,X
Nrg2,0.4107784431137725,0.7796407185628742,0.6095808383233533,#69c79b,Nrg2,X
Nrip1,0.3608,0.889413953488372,0.37338604651162793,#5ce35f,Nrip1,X
Nsf,0.39912000000000003,0.9972019180819182,0.39971808191808195,#66fe66,Nsf,O
Nsmaf,0.36008,0.6238595348837209,0.6364204651162791,#5c9fa2,Nsmaf,X
Ntpcr,0.47349432806324115,0.39948000000000006,0.9246856719367589,#7966ec,Ntpcr,X
Nuak1,0.9796121739130436,0.39996000000000004,0.42024782608695654,#fa666b,Nuak1,X
Nuf2,0.4027784860557769,0.43379203187251,0.9598294820717131,#676ff5,Nuf2,X
Numb,0.37904000000000004,0.8043043902439024,0.5223356097560976,#61cd85,Numb,O
Nup50,0.9796121739130436,0.39996000000000004,0.42024782608695654,#fa666b,Nup50,X
Nupr1,0.36008,0.6238595348837209,0.6364204651162791,#5c9fa2,Nupr1,X
Odf4,0.5915915915915916,0.7351351351351352,0.4732732732732733,#97bb79,Odf4,X
Olfml2b,0.8312685714285715,0.36368,0.44161142857142854,#d45d71,Olfml2b,X
Olfr635,0.5861861861861862,0.7405405405405405,0.4732732732732733,#95bd79,Olfr635,X
Orc5,0.36004,0.6489093023255814,0.6112306976744186,#5ca59c,Orc5,X
Otog,0.36004,0.6489093023255814,0.6112306976744186,#5ca59c,Otog,X
Otud1,0.9796121739130436,0.39996000000000004,0.42024782608695654,#fa666b,Otud1,X
Oxr1,0.39912000000000003,0.9972019180819182,0.39971808191808195,#66fe66,Oxr1,X
Pak6,0.9579021160409557,0.3983421843003413,0.4151356996587031,#f4666a,Pak6,X
Palb2,0.39976,0.991581223671013,0.407578776328987,#66fd68,Palb2,X
Parg,0.37152,0.9288,0.37152,#5fed5f,Parg,X
Pcdh8,0.9794541382667965,0.39996000000000004,0.42040586173320355,#fa666b,Pcdh8,X
Pdia4,0.36004,0.6363497674418606,0.6237902325581396,#5ca29f,Pdia4,X
Peli1,0.9800383057448881,0.39996000000000004,0.419821694255112,#fa666b,Peli1,X
Per1,0.9795925531914893,0.40054021276595747,0.41968723404255326,#fa666b,Per1,X
Phlda1,0.9796121739130436,0.39996000000000004,0.42024782608695654,#fa666b,Phlda1,X
Phtf1,0.39912000000000003,0.9972019180819182,0.39971808191808195,#66fe66,Phtf1,X
Pick1,0.36004,0.6363497674418606,0.6237902325581396,#5ca29f,Pick1,O
Pigb,0.6045187341772151,0.39964,0.7942212658227848,#9a66cb,Pigb,X
Pigm,0.7988908666017527,0.39964,0.5998491333982473,#cc6699,Pigm,X
Pira2,0.5915915915915916,0.7351351351351352,0.4732732732732733,#97bb79,Pira2,X
Pkd1,0.36084000000000005,0.9021,0.36084000000000005,#5ce65c,Pkd1,X
Plagl1,0.9796121739130436,0.39996000000000004,0.42024782608695654,#fa666b,Plagl1,X
Pld6,0.39912000000000003,0.9972019180819182,0.39971808191808195,#66fe66,Pld6,X
Plekho1,0.9788699707887051,0.39996000000000004,0.4209900292112951,#fa666b,Plekho1,X
Plk2,0.9796121739130436,0.39996000000000004,0.42024782608695654,#fa666b,Plk2,X
Plk3,0.9796121739130436,0.39996000000000004,0.42024782608695654,#fa666b,Plk3,X
Pmm2,0.4052302114803626,0.41065740181268884,0.9805123867069486,#6769fa,Pmm2,X
Pnp,0.3998110204081633,0.4163085714285714,0.9802804081632653,#666afa,Pnp,X
Pnpt1,0.9796121739130436,0.39996000000000004,0.42024782608695654,#fa666b,Pnpt1,X
Poc5,0.39844,0.9954926219512195,0.3990473780487805,#66fe66,Poc5,X
Polr2d,0.39912000000000003,0.9972019180819182,0.39971808191808195,#66fe66,Polr2d,X
Ppat,0.9796121739130436,0.39996000000000004,0.42024782608695654,#fa666b,Ppat,X
Ppic,0.5982163742690059,0.39978362573099413,0.7984,#9966cc,Ppic,X
Ppm1d,0.9806224732229796,0.39996000000000004,0.4192375267770205,#fa666b,Ppm1d,X
Ppp1r15a,0.9796121739130436,0.39996000000000004,0.42024782608695654,#fa666b,Ppp1r15a,X
Ppp2r2a,0.6759004651162791,0.44920093023255814,0.49957860465116277,#ac737f,Ppp2r2a,X
Ppp6c,0.9790325217391305,0.39996000000000004,0.4208274782608696,#fa666b,Ppp6c,X
Prep,0.36004,0.6363497674418606,0.6237902325581396,#5ca29f,Prep,X
Prickle2,0.9790224390243903,0.4015552195121952,0.4185223414634147,#fa666b,Prickle2,X
Prkcb,0.36004,0.6489093023255814,0.6112306976744186,#5ca59c,Prkcb,O
Prkci,0.39936,0.8570941935483871,0.5406658064516129,#66db8a,Prkci,O
Prkcz,0.41942972972972975,0.3997779922779923,0.9771922779922779,#6b66f9,Prkcz,O
Prmt3,0.36004,0.6489093023255814,0.6112306976744186,#5ca59c,Prmt3,X
Prnp,0.4200498069498069,0.4015522007722008,0.9749779922779922,#6b66f9,Prnp,X
Prokr2,0.36084000000000005,0.9021,0.36084000000000005,#5ce65c,Prokr2,X
Prom2,0.8986492143549951,0.41334372453928225,0.48782706110572266,#e5697c,Prom2,X
Prpf38b,0.9806224732229796,0.39996000000000004,0.4192375267770205,#fa666b,Prpf38b,X
Prr15,0.39912000000000003,0.9972019180819182,0.39971808191808195,#66fe66,Prr15,X
Psmb8,0.6653961885656972,0.6623871614844534,0.4722166499498496,#aaa978,Psmb8,X
Psmc3,0.39912000000000003,0.9972019180819182,0.39971808191808195,#66fe66,Psmc3,X
Ptger4,0.36004,0.6489093023255814,0.6112306976744186,#5ca59c,Ptger4,X
Ptgs2,0.9796121739130436,0.39996000000000004,0.42024782608695654,#fa666b,Ptgs2,X
Ptpn22,0.39976,0.991581223671013,0.407578776328987,#66fd68,Ptpn22,X
Pxn,0.46919680851063833,0.39273510638297876,0.902248085106383,#7864e6,Pxn,X
Rab11fip2,0.36004,0.6489093023255814,0.6112306976744186,#5ca59c,Rab11fip2,X
Rab2a,0.36084000000000005,0.9021,0.36084000000000005,#5ce65c,Rab2a,X
Rab39b,0.9788699707887051,0.39996000000000004,0.4209900292112951,#fa666b,Rab39b,X
Rab3b,0.3608,0.889413953488372,0.37338604651162793,#5ce35f,Rab3b,X
Raf1,0.7911380645161291,0.39908000000000005,0.6056419354838709,#ca669a,Raf1,X
Ranbp2,0.9800383057448881,0.39996000000000004,0.419821694255112,#fa666b,Ranbp2,X
Rasd1,0.9796121739130436,0.39996000000000004,0.42024782608695654,#fa666b,Rasd1,X
Rasl11a,0.5981417931034483,0.5461637044334975,0.6542545024630542,#998ba7,Rasl11a,X
Rbbp5,0.8357771260997068,0.47859237536656896,0.48563049853372436,#d57a7c,Rbbp5,X
Rbbp8,0.39968000000000004,0.9925854363089267,0.40629456369107325,#66fd68,Rbbp8,X
Rbm38,0.36048,0.788026046511628,0.4736539534883721,#5cc979,Rbm38,X
Rbp4,0.9775060759493671,0.39988,0.42207392405063293,#f9666c,Rbp4,X
Rbsn,0.36004,0.6489093023255814,0.6112306976744186,#5ca59c,Rbsn,X
Rdh16,0.8938236521739131,0.39996000000000004,0.506036347826087,#e46681,Rdh16,X
Rfc5,0.36084000000000005,0.9021,0.36084000000000005,#5ce65c,Rfc5,X
Rfx2,0.9796121739130436,0.39996000000000004,0.42024782608695654,#fa666b,Rfx2,X
Rfx7,0.9812066407010711,0.39996000000000004,0.418653359298929,#fa666b,Rfx7,X
Rgmb,0.9788699707887051,0.39996000000000004,0.4209900292112951,#fa666b,Rgmb,X
Rgs2,0.9796121739130436,0.39996000000000004,0.42024782608695654,#fa666b,Rgs2,X
Rgs4,0.9796121739130436,0.39996000000000004,0.42024782608695654,#fa666b,Rgs4,X
Ripk3,0.5915915915915916,0.7351351351351352,0.4732732732732733,#97bb79,Ripk3,X
Rnf128,0.7578189473684209,0.4005447368421053,0.6414563157894736,#c166a4,Rnf128,X
Rnf138rt1,0.36004,0.6489093023255814,0.6112306976744186,#5ca59c,Rnf138rt1,X
Rnf149,0.648048048048048,0.5885885885885886,0.5633633633633635,#a59690,Rnf149,X
Rnft1,0.6570570570570571,0.6744744744744745,0.4684684684684685,#a8ac77,Rnft1,X
Rnpc3,0.9788699707887051,0.39996000000000004,0.4209900292112951,#fa666b,Rnpc3,X
Rom1,0.39912000000000003,0.9972019180819182,0.39971808191808195,#66fe66,Rom1,X
Rora,0.9796121739130436,0.39996000000000004,0.42024782608695654,#fa666b,Rora,X
Rorb,0.40452625250501,0.9914898396793587,0.4027239078156313,#67fd67,Rorb,X
Rpl21-ps4,0.5915915915915916,0.7351351351351352,0.4732732732732733,#97bb79,Rpl21-ps4,X
Rpl36a,0.39912000000000003,0.9972019180819182,0.39971808191808195,#66fe66,Rpl36a,X
Rpp21,0.36084000000000005,0.9021,0.36084000000000005,#5ce65c,Rpp21,X
Rsbn1l,0.39912000000000003,0.7071669809428286,0.6897530190571716,#66b4b0,Rsbn1l,X
Rsrc1,0.5515263157894738,0.39978362573099413,0.8450900584795322,#8d66d7,Rsrc1,X
Rundc1,0.36004,0.6489093023255814,0.6112306976744186,#5ca59c,Rundc1,X
Samd11,0.41527117296222665,0.4003904572564613,0.9807383697813121,#6a66fa,Samd11,X
Samm50,0.39912000000000003,0.9972019180819182,0.39971808191808195,#66fe66,Samm50,X
Sbds,0.9831568600682593,0.39488,0.3989231399317406,#fb6566,Sbds,X
Scd3,0.39928,0.6545869207622869,0.7428930792377131,#66a7bd,Scd3,X
Scg2,0.9788699707887051,0.39996000000000004,0.4209900292112951,#fa666b,Scg2,X
Scg3,0.7136363636363636,0.6063241106719368,0.4800395256916996,#b69b7a,Scg3,X
Scrn1,0.36084000000000005,0.9021,0.36084000000000005,#5ce65c,Scrn1,X
Sdcbp,0.9788699707887051,0.39996000000000004,0.4209900292112951,#fa666b,Sdcbp,X
Sebox,0.39916,0.99730126,0.39975874,#66fe66,Sebox,X
Sec61b,0.6845614829268293,0.4005288585365854,0.7120296585365854,#af66b6,Sec61b,X
Serp1,0.36008,0.6238595348837209,0.6364204651162791,#5c9fa2,Serp1,X
Sf3b1,0.41371769383697815,0.9827037773359841,0.4035785288270378,#69fb67,Sf3b1,X
Sgk1,0.9790325217391305,0.39996000000000004,0.4208274782608696,#fa666b,Sgk1,X
Sgpl1,0.36084000000000005,0.9021,0.36084000000000005,#5ce65c,Sgpl1,X
Sh2d3c,0.9788699707887051,0.39996000000000004,0.4209900292112951,#fa666b,Sh2d3c,X
Shc4,0.6958643859649122,0.40022426900584795,0.7022913450292398,#b166b3,Shc4,X
Shmt2,0.36004,0.6363497674418606,0.6237902325581396,#5ca29f,Shmt2,X
Siah2,0.9796121739130436,0.39996000000000004,0.42024782608695654,#fa666b,Siah2,X
Sik1,0.9795728944820911,0.4011215488867377,0.4191255566311714,#fa666b,Sik1,X
Slc14a1,0.4102,0.9856,0.4042,#69fb67,Slc14a1,X
Slc16a1,0.9806224732229796,0.39996000000000004,0.4192375267770205,#fa666b,Slc16a1,X
Slc18a2,0.9794541382667965,0.39996000000000004,0.42040586173320355,#fa666b,Slc18a2,X
Slc18b1,0.36092,0.9023,0.36092,#5ce65c,Slc18b1,X
Slc20a2,0.36076,0.8767306976744186,0.3859293023255815,#5ce062,Slc20a2,X
Slc23a4,0.3874,0.3874,0.9685,#6363f7,Slc23a4,X
Slc25a25,0.9788699707887051,0.39996000000000004,0.4209900292112951,#fa666b,Slc25a25,X
Slc2a3,0.9788699707887051,0.39996000000000004,0.4209900292112951,#fa666b,Slc2a3,X
Slc2a5,0.39932,0.6068216314199396,0.7907983685800604,#669bca,Slc2a5,X
Slc35c2,0.36084000000000005,0.9021,0.36084000000000005,#5ce65c,Slc35c2,X
Slc36a4,0.4117371569595262,0.6393850345508391,0.7458178084896346,#69a3be,Slc36a4,X
Slc5a10,0.5915915915915916,0.7351351351351352,0.4732732732732733,#97bb79,Slc5a10,X
Slc6a6,0.8728749304174951,0.52340689860835,0.4035381709741551,#df8567,Slc6a6,X
Slc7a15,0.40456772908366534,0.43438844621513945,0.9574438247011953,#676ff4,Slc7a15,X
Slco2a1,0.4002843548387097,0.6927920967741935,0.7054835483870968,#66b1b4,Slco2a1,X
Smad7,0.9796121739130436,0.39996000000000004,0.42024782608695654,#fa666b,Smad7,X
Smc1b,0.36076,0.8767306976744186,0.3859293023255815,#5ce062,Smc1b,X
Smg9,0.7466957894736841,0.40022426900584795,0.6514599415204678,#be66a6,Smg9,X
Smndc1,0.9796121739130436,0.39996000000000004,0.42024782608695654,#fa666b,Smndc1,X
Snrpd2,0.3608,0.889413953488372,0.37338604651162793,#5ce35f,Snrpd2,X
Snx18,0.9796121739130436,0.39996000000000004,0.42024782608695654,#fa666b,Snx18,X
Snx4,0.36008,0.6615423255813954,0.5987376744186047,#5ca999,Snx4,X
Sorcs2,0.36044000000000004,0.7753651162790698,0.48617488372093026,#5cc67c,Sorcs2,X
Sos1,0.6958643859649122,0.40022426900584795,0.7022913450292398,#b166b3,Sos1,X
Sowahc,0.36084000000000005,0.9021,0.36084000000000005,#5ce65c,Sowahc,X
Spata2l,0.8035393573515093,0.39992000000000005,0.5961806426484908,#cd6698,Spata2l,X
Spcs3,0.6897560975609757,0.4011707317073171,0.7090731707317073,#b066b5,Spcs3,X
Specc1l,0.858028085106383,0.36168,0.40785191489361705,#db5c68,Specc1l,X
Spin2c,0.36004,0.6489093023255814,0.6112306976744186,#5ca59c,Spin2c,X
Sptlc2,0.36004,0.6363497674418606,0.6237902325581396,#5ca29f,Sptlc2,X
Spty2d1,0.9788699707887051,0.39996000000000004,0.4209900292112951,#fa666b,Spty2d1,X
Srek1ip1,0.7332599999999999,0.4005447368421053,0.6660152631578948,#bb66aa,Srek1ip1,X
Srf,0.9795728944820911,0.4011215488867377,0.4191255566311714,#fa666b,Srf,X
Srgap1,0.39872,0.40923433298862466,0.9862856670113754,#6668fc,Srgap1,X
Ssna1,0.4054162487462387,0.9885656970912738,0.4060180541624875,#67fc68,Ssna1,X
Ssxb2,0.40517299899699094,0.9266252357071213,0.46712176529588767,#67ec77,Ssxb2,X
Stard3nl,0.39912000000000003,0.9972019180819182,0.39971808191808195,#66fe66,Stard3nl,X
Stmn4,0.9796121739130436,0.39996000000000004,0.42024782608695654,#fa666b,Stmn4,X
Stx2,0.9796121739130436,0.39996000000000004,0.42024782608695654,#fa666b,Stx2,X
Sumf2,0.39912000000000003,0.9972019180819182,0.39971808191808195,#66fe66,Sumf2,X
Suv39h1,0.36004,0.6489093023255814,0.6112306976744186,#5ca59c,Suv39h1,X
Syt4,0.9796121739130436,0.39996000000000004,0.42024782608695654,#fa666b,Syt4,X
Syt5,0.36004,0.6363497674418606,0.6237902325581396,#5ca29f,Syt5,X
Tada2b,0.735672514619883,0.40058479532163743,0.6637426900584795,#bc66a9,Tada2b,X
Tax1bp1,0.9812066407010711,0.39996000000000004,0.418653359298929,#fa666b,Tax1bp1,X
Tbc1d17,0.36084000000000005,0.9021,0.36084000000000005,#5ce65c,Tbc1d17,X
Tbcel,0.9788699707887051,0.39996000000000004,0.4209900292112951,#fa666b,Tbcel,X
Tceb2,0.36084000000000005,0.9021,0.36084000000000005,#5ce65c,Tceb2,X
Tcta,0.39912000000000003,0.9972019180819182,0.39971808191808195,#66fe66,Tcta,X
Tdrp,0.9800383057448881,0.39996000000000004,0.419821694255112,#fa666b,Tdrp,X
Tes,0.36004,0.6489093023255814,0.6112306976744186,#5ca59c,Tes,X
Tgfb3,0.9796121739130436,0.39996000000000004,0.42024782608695654,#fa666b,Tgfb3,X
Tgs1,0.38904000000000005,0.89712624,0.46451376000000005,#63e576,Tgs1,X
Thap4,0.398,0.3992555205047319,0.9937444794952681,#6566fd,Thap4,X
Thoc7,0.37456,0.3861742635658915,0.9247857364341086,#6062ec,Thoc7,X
Tiparp,0.9796121739130436,0.39996000000000004,0.42024782608695654,#fa666b,Tiparp,X
Tlr13,0.39912000000000003,0.9972019180819182,0.39971808191808195,#66fe66,Tlr13,X
Tmed2,0.39912000000000003,0.9972019180819182,0.39971808191808195,#66fe66,Tmed2,X
Tmem119,0.40042079510703366,0.41629113149847097,0.9796880733944954,#666afa,Tmem119,X
Tmem151b,0.39912000000000003,0.9972019180819182,0.39971808191808195,#66fe66,Tmem151b,X
Tmem167,0.4580907692307692,0.36092,0.8051292307692307,#755ccd,Tmem167,X
Tmem201,0.36004,0.6489093023255814,0.6112306976744186,#5ca59c,Tmem201,X
Tmem253,0.40517299899699094,0.9218136810431293,0.47193331995987964,#67eb78,Tmem253,X
Tmem39a,0.36004,0.6489093023255814,0.6112306976744186,#5ca59c,Tmem39a,X
Tmem47,0.9790325217391305,0.39996000000000004,0.4208274782608696,#fa666b,Tmem47,X
Tmem50a,0.36008,0.6238595348837209,0.6364204651162791,#5c9fa2,Tmem50a,X
Tmem8b,0.9788699707887051,0.39996000000000004,0.4209900292112951,#fa666b,Tmem8b,X
Tmprss9,0.39860000000000007,0.9958948380566802,0.3992051619433199,#66fe66,Tmprss9,X
Tmx4,0.37984,0.38972023121387284,0.9397197687861272,#6163f0,Tmx4,X
Tnfrsf23,0.36008,0.6238595348837209,0.6364204651162791,#5c9fa2,Tnfrsf23,X
Tnip2,0.8214730994152047,0.40050467836257314,0.5776622222222222,#d16693,Tnip2,X
Toe1,0.4090270812437312,0.9879638916750251,0.40300902708124375,#68fc67,Toe1,X
Tox4,0.36008,0.6238595348837209,0.6364204651162791,#5c9fa2,Tox4,X
Tra2b,0.9806224732229796,0.39996000000000004,0.4192375267770205,#fa666b,Tra2b,X
Traip,0.36008,0.6238595348837209,0.6364204651162791,#5c9fa2,Traip,X
Trappc6b,0.7978355121951219,0.4007695609756098,0.5995949268292683,#cb6699,Trappc6b,X
Trhr,0.39996000000000004,0.6009429087261785,0.7989170912738214,#6699cc,Trhr,X
Trib1,0.9796121739130436,0.39996000000000004,0.42024782608695654,#fa666b,Trib1,X
Trim11,0.6126582278481012,0.4,0.7873417721518987,#9c66c9,Trim11,X
Trp53inp2,0.9782224804687499,0.40757642578125003,0.41402109375,#f9686a,Trp53inp2,X
Tsen54,0.9806224732229796,0.39996000000000004,0.4192375267770205,#fa666b,Tsen54,X
Tspan33,0.4096192384769539,0.9867735470941884,0.4036072144288577,#68fc67,Tspan33,X
Tuba1b,0.39912000000000003,0.9972019180819182,0.39971808191808195,#66fe66,Tuba1b,X
Tubb2a,0.39904000000000006,0.9970008408408408,0.39963915915915915,#66fe66,Tubb2a,X
Tubb3,0.39908000000000005,0.99710138,0.39967862000000004,#66fe66,Tubb3,X
Tubb4a,0.39912000000000003,0.9972019180819182,0.39971808191808195,#66fe66,Tubb4a,X
Tubb4b,0.36084000000000005,0.9021,0.36084000000000005,#5ce65c,Tubb4b,X
Txnip,0.36004,0.6489093023255814,0.6112306976744186,#5ca59c,Txnip,X
U2af1l4,0.9796121739130436,0.39996000000000004,0.42024782608695654,#fa666b,U2af1l4,X
Uba3,0.37255813953488376,0.636279069767442,0.6111627906976744,#5fa29c,Uba3,X
Ubc,0.9796121739130436,0.39996000000000004,0.42024782608695654,#fa666b,Ubc,X
Ube2a,0.39912000000000003,0.9972019180819182,0.39971808191808195,#66fe66,Ube2a,X
Ube2d3,0.3726409302325582,0.6112986046511627,0.6364204651162791,#5f9ca2,Ube2d3,X
Ube2l6,0.36008,0.6238595348837209,0.6364204651162791,#5c9fa2,Ube2l6,X
Ube2o,0.39976,0.991581223671013,0.407578776328987,#66fd68,Ube2o,X
Unc5a,0.9796121739130436,0.39996000000000004,0.42024782608695654,#fa666b,Unc5a,X
Uncx,0.36004,0.6489093023255814,0.6112306976744186,#5ca59c,Uncx,X
Uqcrc2,0.3608,0.889413953488372,0.37338604651162793,#5ce35f,Uqcrc2,X
Urb1,0.3987860377358491,0.3994120754716981,0.9935218867924528,#6666fd,Urb1,X
Usp17lc,0.8986492143549951,0.41334372453928225,0.48782706110572266,#e5697c,Usp17lc,X
Usp27x,0.9796121739130436,0.39996000000000004,0.42024782608695654,#fa666b,Usp27x,X
Usp36,0.9775273601570167,0.4111463199214917,0.4111463199214917,#f96969,Usp36,X
Uspl1,0.948646404109589,0.3908698630136987,0.38398373287671234,#f26462,Uspl1,X
Vamp1,0.36008,0.6238595348837209,0.6364204651162791,#5c9fa2,Vamp1,X
Veph1,0.8004586562804284,0.39984000000000003,0.5989813437195716,#cc6699,Veph1,X
Vmn1r63,0.36004,0.6489093023255814,0.6112306976744186,#5ca59c,Vmn1r63,X
Vmn2r10,0.5915915915915916,0.7351351351351352,0.4732732732732733,#97bb79,Vmn2r10,X
Vwa3b,0.4163254437869823,0.4003810650887574,0.9796934911242603,#6a66fa,Vwa3b,X
Wbscr16,0.40417221664994984,0.9234783550651956,0.4721694282848546,#67eb78,Wbscr16,X
Wdfy2,0.39968000000000004,0.9144133199598796,0.48446668004012033,#66e97c,Wdfy2,X
Wdr26,0.36004,0.6489093023255814,0.6112306976744186,#5ca59c,Wdr26,X
Wdr34,0.3608,0.889413953488372,0.37338604651162793,#5ce35f,Wdr34,X
Wdr45b,0.37259953488372094,0.6237902325581396,0.6237902325581396,#5f9f9f,Wdr45b,X
Wdr83,0.39904000000000006,0.6950180140421264,0.7016219859578737,#66b1b3,Wdr83,X
Wwc1,0.7037350434782608,0.6490841739130434,0.3876007826086956,#b3a663,Wwc1,O
Zbtb11,0.7905769980119284,0.6051084691848907,0.40413453280318096,#ca9a67,Zbtb11,X
Zbtb21,0.7206225296442689,0.4363221343873518,0.6412553359683794,#b86fa4,Zbtb21,X
Zbtb33,0.8678781499513145,0.39996000000000004,0.5319818500486855,#dd6688,Zbtb33,X
Zbtb41,0.39912000000000003,0.9972019180819182,0.39971808191808195,#66fe66,Zbtb41,X
Zc3h11a,0.39912000000000003,0.9972019180819182,0.39971808191808195,#66fe66,Zc3h11a,X
Zc3h12c,0.36008,0.6238595348837209,0.6364204651162791,#5c9fa2,Zc3h12c,X
Zc3h6,0.46560158415841585,0.40038574257425746,0.9304126732673268,#7766ed,Zc3h6,X
Zdbf2,0.36084000000000005,0.9021,0.36084000000000005,#5ce65c,Zdbf2,X
Zdhhc2,0.39912000000000003,0.9972019180819182,0.39971808191808195,#66fe66,Zdhhc2,X
Zfand5,0.9812066407010711,0.39996000000000004,0.418653359298929,#fa666b,Zfand5,X
Zfp207,0.9788699707887051,0.39996000000000004,0.4209900292112951,#fa666b,Zfp207,X
Zfp24,0.9812066407010711,0.39996000000000004,0.418653359298929,#fa666b,Zfp24,X
Zfp26,0.36008,0.6238595348837209,0.6364204651162791,#5c9fa2,Zfp26,X
Zfp276,0.4679730693069307,0.4015714851485149,0.9268554455445545,#7766ec,Zfp276,X
Zfp281,0.9800383057448881,0.39996000000000004,0.419821694255112,#fa666b,Zfp281,X
Zfp385b,0.46469375,0.5021187500000001,0.8295875,#7680d4,Zfp385b,X
Zfp52,0.36004,0.6363497674418606,0.6237902325581396,#5ca29f,Zfp52,X
Zfp553,0.39912000000000003,0.9972019180819182,0.39971808191808195,#66fe66,Zfp553,X
Zfp59,0.36004,0.6363497674418606,0.6237902325581396,#5ca29f,Zfp59,X
Zfp654,0.39912000000000003,0.9972019180819182,0.39971808191808195,#66fe66,Zfp654,X
Zfp655,0.9790325217391305,0.39996000000000004,0.4208274782608696,#fa666b,Zfp655,X
Zfp668,0.36084000000000005,0.9021,0.36084000000000005,#5ce65c,Zfp668,X
Zfp799,0.9790325217391305,0.39996000000000004,0.4208274782608696,#fa666b,Zfp799,X
Zfp804b,0.36004,0.6489093023255814,0.6112306976744186,#5ca59c,Zfp804b,X
Zfp869,0.36004,0.6489093023255814,0.6112306976744186,#5ca59c,Zfp869,X
Zfp87,0.39912000000000003,0.9972019180819182,0.39971808191808195,#66fe66,Zfp87,X
Zfp937,0.7575827707317073,0.40113061463414634,0.6411066146341463,#c166a3,Zfp937,X
Zfp950,0.9788699707887051,0.39996000000000004,0.4209900292112951,#fa666b,Zfp950,X
Zfp994,0.39964,0.9930873620862588,0.40565263791374123,#66fd67,Zfp994,X
Zkscan8,0.9790325217391305,0.39996000000000004,0.4208274782608696,#fa666b,Zkscan8,X
Zmym2,0.36012,0.6741781395348838,0.5862418604651163,#5cac95,Zmym2,X
Zranb1,0.3602,0.6994581395348837,0.5612418604651163,#5cb28f,Zranb1,X
Zscan2,0.5877746198830409,0.40022426900584795,0.8103811111111111,#9666cf,Zscan2,X
