,R,G,B,hex_val,hls_val
1190002N15Rik,0.9998352286431614,0.3068076813692283,0.07058855075928797,#ff4e12,#ff8d66
1500009C09Rik,0.2204899927912266,0.9953266326153398,0.0003520984571091344,#38fe00,#88ff66
1700028J19Rik,1.4010738247321383e-05,0.01194101736570591,0.08110137156361298,#000315,#667dff
2010111I01Rik,1.0,0.3072633058892737,0.06680635894887627,#ff4e11,#ff8d66
2410015M20Rik,0.00043950855230213547,0.0074012697300956205,0.08776569167738134,#000216,#6773fe
2700060E02Rik,0.00010383511511461821,0.014214150392747519,0.07856663204166348,#000414,#6682ff
4930415O20Rik,0.47505048949321727,0.7738727663276908,0.040015246120974894,#79c50a,#bff76e
4930430F08Rik,0.22882806877341041,0.9979398398085362,0.01717017509786249,#3afe04,#87ff66
4930444P10Rik,3.172738345208442e-05,0.01340056490824382,0.07935153853302936,#000314,#6680ff
5730480H06Rik,0.00010383511511461821,0.014214150392747519,0.0785666320416635,#000414,#6682ff
8430408G22Rik,0.29186036282002753,0.9493523494559643,0.018573491194278403,#4af205,#94fc69
9030612E09Rik,0.00010383511511461821,0.014214150392747519,0.0785666320416635,#000414,#6682ff
9530077C05Rik,0.00010383511511461821,0.014214150392747519,0.07856663204166354,#000414,#6682ff
9830107B12Rik,0.2417843442717428,0.9653828542634284,0.06275326970837711,#3ef610,#88fa6b
A830010M20Rik,0.9997079590411931,0.30674089244538255,0.07143638963111787,#ff4e12,#ff8d66
A930004D18Rik,0.5926193066311601,0.4335660516026849,0.823367195276842,#976fd2,#ab8adb
A930011G23Rik,0.09907919587527869,0.38289443134684503,0.08167712880846263,#196215,#87e481
AI467606,0.47505048949321727,0.7738727663276908,0.04001524612097487,#79c50a,#bff76e
AI846148,0.22349677743772975,0.9984819861097238,0.004126952923589034,#39ff01,#88ff66
AI854703,0.9988578732505125,0.3070267283280972,0.07195095404716072,#ff4e12,#ff8d66
Aaed1,0.22077955706996558,0.9962564079584317,0.0009212363650459224,#38fe00,#88ff66
Aard,0.0006311760995129358,0.0004984681455034147,0.09722218713604383,#000019,#6767fe
Abca7,0.317348892091618,0.42452856396048844,0.9175669282653965,#516cea,#768cef
Abra,0.9998352286431608,0.3068076813692274,0.07058855075928487,#ff4e12,#ff8d66
Acan,1.0,0.3072633058892737,0.06680635894887627,#ff4e11,#ff8d66
Acp7,0.0006311760995129358,0.0004984681455034147,0.09722218713604383,#000019,#6767fe
Actr10,0.9974210808998498,0.30623096678010153,0.0758599296437788,#fe4e13,#ff8c66
Actr3,0.7136295771831147,0.3939542655765172,0.6467737075787738,#b664a5,#ce97c2
Adamts1,1.0,0.30726330588927375,0.06680635894887618,#ff4e11,#ff8d66
Adamts10,0.0008994717705961307,0.0003150727822674869,0.09838969072212352,#000019,#6766ff
Adamtsl5,0.0006311760995129358,0.0004984681455034147,0.09722218713604383,#000019,#6767fe
Adgra2,0.22077955706996558,0.9962564079584317,0.0009212363650459224,#38fe00,#88ff66
Adrb1,0.9992341404883289,0.30656686204762773,0.07320706880644506,#ff4e13,#ff8d66
Agpat4,0.45136686166196494,0.4845564621549017,0.9783117330941912,#737cf9,#737cf9
Agpat9,0.0014671524414767104,0.000133142698470655,0.09944586156673442,#000019,#6866ff
Ahr,0.880582924310943,0.33968430296077057,0.34561951626481124,#e15758,#e87d7f
Ahsa2,0.0008994717705954724,0.0003150727822677021,0.09838969072212393,#000019,#6766ff
Aif1,0.2227116993958449,0.9978716842640726,0.003175301651928943,#39fe01,#88ff66
Aim1l,0.0021483412575856713,0.0,0.0984293282063545,#010019,#6966ff
Akap10,0.08532035212455862,0.2134018939614041,0.14696593115503628,#163625,#92d3b1
Akirin1,0.999663622406829,0.3070493218158487,0.06846883069218909,#ff4e11,#ff8d66
Akt1,0.9560245648399032,0.3351017511251241,0.07156442518579663,#f45512,#f8966d
Amd2,0.5540457071326392,0.5635170132319658,0.43563678373052955,#8d906f,#bbbca9
Amigo2,0.0346439043781401,0.002269607996079639,0.08513750235383007,#090116,#a36afb
Anapc10,0.004188074479207714,0.0008741541760665525,0.10736231684554921,#01001b,#6c67fe
Ankar,0.47505048949321727,0.7738727663276908,0.04001524612097496,#79c50a,#bff76e
Ankrd13c,0.9997079590411931,0.30674089244538255,0.07143638963111787,#ff4e12,#ff8d66
Ankrd27,0.4482024808114781,0.4860115851800138,0.9806754966019947,#727cfa,#727cfa
Ankrd33b,0.9990110851276399,0.3065405172219262,0.07412400363891966,#ff4e13,#ff8d66
Anks1b,0.7907793670478012,0.22652241633519035,0.1103736764539778,#ca3a1c,#ec8c79
Ap1ar,0.9998352286431608,0.3068076813692275,0.0705885507592849,#ff4e12,#ff8d66
Ap1b1,0.825417309193134,0.35133890062658196,0.4538555559953111,#d25a74,#df8699
Apaf1,0.9998352286431608,0.3068076813692274,0.07058855075928487,#ff4e12,#ff8d66
Aprt,0.0004888173300768316,0.006018832251655249,0.08965261847363326,#000217,#6770fe
Aqp4,0.0006311760995129358,0.0004984681455034147,0.09722218713604386,#000019,#6767fe
Arc,1.0,0.3072633058892737,0.06680635894887624,#ff4e11,#ff8d66
Areg,0.0,0.012648741819971594,0.08024923107983815,#000314,#667eff
Arglu1,0.26477294611500607,0.3461932317339232,0.7988217388579231,#4458cc,#8794de
Arhgap39,0.0014671524414766165,0.000133142698470655,0.09944586156673453,#000019,#6866ff
Arhgef15,0.3276062651927317,0.7071724642413253,0.6930117270985194,#54b4b1,#94d1ce
Arid1a,0.832011954269728,0.3539084448050358,0.44622678093619905,#d45a72,#df8697
Arid1b,0.3698287893694465,0.535122218073453,0.989789207595774,#5e88fc,#6890fd
Arid5b,1.0,0.3072633058892737,0.06680635894887627,#ff4e11,#ff8d66
Arih1,0.9990110851276399,0.3065405172219262,0.07412400363891963,#ff4e13,#ff8d66
Arl16,0.0006311760995129358,0.0004984681455034147,0.09722218713604393,#000019,#6767fe
Arl4a,0.9931455362581413,0.31394056565554074,0.06255182309484411,#fd5010,#fe9067
Arl4d,1.0,0.3072633058892737,0.06680635894887628,#ff4e11,#ff8d66
Arl5b,0.9999981193991858,0.3071875961269451,0.06760749550569724,#ff4e11,#ff8d66
Armcx3,0.9973678347790718,0.3086875293594449,0.06838487750969464,#fe4f11,#ff8e66
Armcx4,0.8140697774918235,0.3867573538720754,0.04339629016155011,#d0630b,#f7ab6e
Armcx5,0.9994988510499891,0.30659369729580266,0.07225102250259832,#ff4e12,#ff8d66
Arntl,0.7888386781206022,0.22579457517915535,0.1106496445999692,#c93a1c,#ec8c79
Arpp19,0.8960737285301636,0.33499450985950885,0.3114551755231142,#e4554f,#eb7f7a
Arpp21,0.9990110851276399,0.3065405172219262,0.07412400363891966,#ff4e13,#ff8d66
Asb14,0.36936394505065234,0.5385811361804298,0.9832057463604847,#5e89fb,#6a92fb
Asic4,1.0,0.3072633058892737,0.06680635894887624,#ff4e11,#ff8d66
Asna1,0.22077955706996558,0.9962564079584317,0.0009212363650458398,#38fe00,#88ff66
Aste1,0.0014671524414767104,0.000133142698470655,0.0994458615667344,#000019,#6866ff
Ate1,0.22048999279122666,0.9953266326153403,0.0003520984571062847,#38fe00,#88ff66
Atf3,1.0,0.30726330588927364,0.06680635894887624,#ff4e11,#ff8d66
Atg16l1,0.9060438187306612,0.3906817254233531,0.03187078029335248,#e76408,#faa66b
Atl2,0.2435336254127256,0.9692618686030504,0.0658624150222459,#3ef711,#87fa6b
Atp8b3,0.0006311760995129358,0.0004984681455034147,0.0972221871360439,#000019,#6767fe
Atpif1,0.22077955706996558,0.9962564079584317,0.0009212363650458811,#38fe00,#88ff66
Aven,0.22077955706996558,0.9962564079584317,0.0009212363650459637,#38fe00,#88ff66
Avp,0.0,0.012648741819971594,0.08024923107983821,#000314,#667eff
Avpi1,1.0,0.3072633058892737,0.06680635894887628,#ff4e11,#ff8d66
B3gnt2,0.9990110851276399,0.3065405172219262,0.07412400363891955,#ff4e13,#ff8d66
B430203G13Rik,0.9994988510499891,0.3065936972958027,0.07225102250259835,#ff4e12,#ff8d66
BC003331,0.008807491741997624,0.0017052771912580444,0.1146784583540272,#02001d,#7268fd
Bach1,0.03200975891283228,0.0026460252061661716,0.09204526958540225,#080117,#9a6afb
Bag3,0.2356833409796211,0.9996537666108313,0.006577390441643674,#3cff02,#89ff66
Bahcc1,0.4507145578224372,0.4848766809240753,0.9789435032012137,#737cfa,#737cfa
Banp,0.4515027722315334,0.4842211743787976,0.9785854027875618,#737bfa,#737bfa
Bbs1,0.22077955706996558,0.9962564079584317,0.0009212363650458811,#38fe00,#88ff66
Bdnf,1.0,0.3072633058892737,0.06680635894887627,#ff4e11,#ff8d66
Birc5,0.4994043970003089,0.47061962109221045,0.9355154952156609,#7f78ef,#7f78ef
Borcs8,0.9990110851276399,0.30654051722192616,0.07412400363891958,#ff4e13,#ff8d66
Bst1,0.36692145422264316,0.5555374614167659,0.9513850853299961,#5e8ef3,#719bf4
Btbd2,0.0008994717705954724,0.0003150727822677021,0.09838969072212403,#000019,#6766ff
Btg1,1.0,0.3072633058892737,0.06680635894887624,#ff4e11,#ff8d66
Btg2,1.0,0.3072633058892737,0.06680635894887624,#ff4e11,#ff8d66
C130073F10Rik,0.2303809626466846,0.9999652650657826,0.006197962532158194,#3bff02,#89ff66
C2cd4b,1.0,0.30726330588927375,0.06680635894887628,#ff4e11,#ff8d66
Cacna1b,3.172738345208442e-05,0.01340056490824382,0.07935153853302934,#000314,#6680ff
Calcrl,0.3688593364547549,0.5382820233241145,0.9861577274862486,#5e89fb,#6991fc
Calu,1.0,0.3072633058892737,0.06680635894887632,#ff4e11,#ff8d66
Camk2a,3.9528333533758024e-05,0.007753578571065511,0.08683454825344125,#000216,#6674ff
Capsl,0.0015806605867047152,0.0001819300837969933,0.09737315736174373,#000019,#6866ff
Card6,0.47505048949321727,0.7738727663276908,0.04001524612097496,#79c50a,#bff76e
Cbx1,0.2361729984001746,0.9975022312419457,0.01854624070407971,#3cfe05,#88ff66
Cc2d1a,0.22077955706996558,0.9962564079584317,0.0009212363650458398,#38fe00,#88ff66
Ccar2,1.0,0.3072633058892737,0.0668063589488762,#ff4e11,#ff8d66
Ccdc137,0.22115220903817878,0.9966549609178329,0.0013358474040226869,#38fe00,#88ff66
Ccdc32,0.031170867866006258,0.0053069050819708335,0.11805056459589398,#08011e,#8d6df8
Ccdc7a,0.2400359147129102,0.9685555920596715,0.057704421770301224,#3df70f,#88fa6b
Ccdc93,0.8269547985286345,0.35136178825748526,0.4520385671197041,#d35a73,#df8699
Ccl27a,0.9956528401703495,0.3076277620886905,0.08141949303511808,#fe4e15,#fe8c67
Ccnk,0.9999981193991855,0.30718759612694513,0.06760749550569739,#ff4e11,#ff8d66
Ccno,0.9997908920087957,0.3071161107396939,0.06762099182035672,#ff4e11,#ff8d66
Ccnt1,0.3186558254032207,0.47039611539887,0.8830745912351893,#5178e1,#7c99e9
Ccpg1os,0.22077955706996558,0.9962564079584317,0.0009212363650458811,#38fe00,#88ff66
Cd1d1,0.4454079781689584,0.4824325625129554,0.97805478296149,#727bf9,#727bf9
Cd27,0.5928974979106377,0.4375743659535853,0.82794745123136,#9770d3,#aa8adb
Cd5,0.47505048949321727,0.7738727663276908,0.040015246120974936,#79c50a,#bff76e
Cdhr3,0.9990110851276399,0.3065405172219262,0.07412400363891966,#ff4e13,#ff8d66
Cdk11b,1.0,0.3072633058892737,0.06680635894887624,#ff4e11,#ff8d66
Cds1,0.0006311760995129358,0.0004984681455034147,0.0972221871360439,#000019,#6767fe
Cdv3,0.22077955706996558,0.9962564079584317,0.0009212363650458811,#38fe00,#88ff66
Cebpzos,0.5877974482315185,0.6685852557805236,0.06437225329408316,#96aa10,#e1f273
Cecr6,0.9998352286431608,0.3068076813692274,0.07058855075928482,#ff4e12,#ff8d66
Cenpf,0.23406567584194685,0.9666672497850076,0.0565511275228892,#3cf70e,#87fa6b
Cenpl,0.22024875836649402,0.9943178359213377,8.260067593012419e-17,#38fe00,#88ff66
Cep295,0.22077955706996558,0.9962564079584317,0.0009212363650458811,#38fe00,#88ff66
Chst14,0.9990110851276399,0.3065405172219262,0.07412400363891966,#ff4e13,#ff8d66
Ciart,0.9992201931188435,0.30668771237150627,0.07330937076743947,#ff4e13,#ff8d66
Cirh1a,0.33829418824773194,0.8595191281767282,0.13372503692358914,#56db22,#9aea7b
Cisd2,0.0005283456636104957,0.0011236690027498664,0.09623793564723705,#000019,#6768fe
Cited2,1.0,0.3072633058892737,0.06680635894887627,#ff4e11,#ff8d66
Clcc1,0.8247206058538648,0.35193094329253044,0.45448646854082725,#d25a74,#de879a
Cldn12,0.9995007316508038,0.3066694070581313,0.0714498859457773,#ff4e12,#ff8d66
Clec16a,0.008807491741997624,0.0017052771912578828,0.11467845835402701,#02001d,#7268fd
Clip2,0.00010383511511461821,0.014214150392747626,0.07856663204166364,#000414,#6682ff
Clptm1l,0.9963239539401443,0.3089918801347379,0.07179093571725223,#fe4f12,#fe8e67
Clrn1,0.615310688083205,0.4298419757192258,0.7992726589887131,#9d6ecc,#b38ed7
Cnnm1,0.9990110851276399,0.3065405172219262,0.07412400363891963,#ff4e13,#ff8d66
Cnnm4,0.874737554160753,0.3377931529584978,0.3517894028619688,#df565a,#e77e81
Coa3,0.22048999279122666,0.9953266326153403,0.00035209845710636726,#38fe00,#88ff66
Cog1,0.00010383511511471223,0.014214150392747035,0.07856663204166293,#000414,#6682ff
Col10a1,0.9994988510499891,0.3065936972958027,0.07225102250259832,#ff4e12,#ff8d66
Col15a1,0.22077955706996558,0.9962564079584317,0.0009212363650458811,#38fe00,#88ff66
Comp,0.3860479061698589,0.5464712397873456,0.946452371947665,#628bf1,#7297f3
Copg2,0.3915442677038986,0.5149389142859835,0.9995064923695036,#6483ff,#6685ff
Coq2,0.004188074479207714,0.0008741541760665525,0.10736231684554921,#01001b,#6c67fe
Cox7a2l,0.0008994717705954724,0.0003150727822677021,0.098389690722124,#000019,#6766ff
Cpeb4,0.9990110851276399,0.3065405172219262,0.07412400363891966,#ff4e13,#ff8d66
Crebzf,0.22077955706996555,0.9962564079584317,0.0009212363650459224,#38fe00,#88ff66
Crlf3,0.00010383511511461821,0.014214150392747626,0.07856663204166359,#000414,#6682ff
Csnk1a1,0.9990129657284538,0.30661622698425495,0.07332286708209892,#ff4e13,#ff8d66
Ctf1,0.22077955706996555,0.9962564079584317,0.0009212363650457985,#38fe00,#88ff66
Ctnnd1,0.9091001135925223,0.387947647332206,0.03126747092928283,#e86308,#faa56b
Cul3,0.9990110851276399,0.3065405172219262,0.07412400363891955,#ff4e13,#ff8d66
Cul9,0.9228615848040878,0.32841638261322914,0.2475510436057001,#eb543f,#f18374
Cwc25,1.0,0.3072633058892737,0.06680635894887624,#ff4e11,#ff8d66
Cxadr,0.999484903680504,0.30671454761968114,0.07235332446359276,#ff4e12,#ff8d66
Cyp11a1,0.45019178763211504,0.48494468297980853,0.9795980461425591,#737cfa,#737cfa
Cyp2t4,0.0006311760995129358,0.0004984681455034147,0.0972221871360439,#000019,#6767fe
D130040H23Rik,0.00010383511511461821,0.014214150392747626,0.07856663204166354,#000414,#6682ff
Dars,0.22077955706996558,0.9962564079584317,0.0009212363650458398,#38fe00,#88ff66
Dbpht2,0.9998352286431608,0.3068076813692275,0.07058855075928495,#ff4e12,#ff8d66
Dck,0.9985276624303041,0.3087115480875136,0.06560362760140521,#ff4f11,#ff8e66
Dcun1d3,0.8239600397322515,0.4597988528538982,0.06772207999383918,#d27511,#f3b572
Depdc7,0.22115220903817873,0.9966549609178329,0.001335847404022728,#38fe00,#88ff66
Dhrs7,0.38815023061089754,0.5203660662741574,0.9927867137385438,#6385fd,#6888fd
Dhx16,0.4177540153468537,0.5975117386093153,0.8037640937340149,#6b98cd,#8db0d8
Diras1,0.22048999279122666,0.9953266326153403,0.00035209845710632595,#38fe00,#88ff66
Dlk1,0.47505048949321727,0.7738727663276908,0.04001524612097487,#79c50a,#bff76e
Dlx5,0.22077955706996558,0.9962564079584317,0.0009212363650458811,#38fe00,#88ff66
Dmxl1,0.2207795570699659,0.9962564079584317,0.0009212363650456747,#38fe00,#88ff66
Dnaja1,1.0,0.30726330588927375,0.06680635894887627,#ff4e11,#ff8d66
Dnaja4,0.9985234897795742,0.3072797550374548,0.07394028331295568,#ff4e13,#ff8d66
Dnajb1,1.0,0.3072633058892737,0.06680635894887627,#ff4e11,#ff8d66
Dock7,0.22077955706996558,0.9962564079584317,0.0009212363650458811,#38fe00,#88ff66
Dpm3,0.22077955706996558,0.9962564079584317,0.0009212363650459224,#38fe00,#88ff66
Dpyd,0.0006311760995129358,0.0004984681455034147,0.09722218713604378,#000019,#6767fe
Dscc1,0.47505048949321727,0.7738727663276908,0.040015246120974936,#79c50a,#bff76e
Dusp10,0.43616983210819577,0.8065793185377761,0.044761646827882626,#6fce0b,#b4f76e
Dusp14,0.9990110851276399,0.30654051722192616,0.07412400363891955,#ff4e13,#ff8d66
Dusp16,1.0,0.3072633058892737,0.06680635894887627,#ff4e11,#ff8d66
Dusp2,0.00010383511511461821,0.014214150392747626,0.07856663204166359,#000414,#6682ff
Dusp4,0.9999981193991858,0.3071875961269451,0.06760749550569717,#ff4e11,#ff8d66
Dusp6,1.0,0.3072633058892737,0.06680635894887628,#ff4e11,#ff8d66
Dusp8,0.9990110851276399,0.3065405172219262,0.07412400363891962,#ff4e13,#ff8d66
Dyrk2,0.0006311760995129358,0.0004984681455034147,0.09722218713604386,#000019,#6767fe
Edar,0.23038096264668456,0.9999652650657826,0.006197962532158194,#3bff02,#89ff66
Egflam,0.23380366288108873,0.9996304565124926,0.017961354388124923,#3cff05,#88ff66
Egr1,1.0,0.3072633058892737,0.06680635894887624,#ff4e11,#ff8d66
Egr2,1.0,0.3072633058892737,0.06680635894887628,#ff4e11,#ff8d66
Egr3,1.0,0.3072633058892737,0.06680635894887624,#ff4e11,#ff8d66
Egr4,1.0,0.3072633058892737,0.06680635894887627,#ff4e11,#ff8d66
Eif1a,0.363377762793324,0.5118059488124473,0.9845157717760084,#5d83fb,#6a8cfb
Eif2b1,0.0,0.012648741819971594,0.08024923107983821,#000314,#667eff
Eif2s1,0.1795929524670961,0.6072142024746481,0.17808762157848243,#2e9b2d,#89dc89
Eif5,1.0,0.3072633058892737,0.06680635894887627,#ff4e11,#ff8d66
Elavl1,0.3231123032765386,0.711289227185437,0.6768001501216611,#52b5ad,#94d1cc
Epc1,0.0006311760995129358,0.0004984681455034147,0.09722218713604386,#000019,#6767fe
Ephx2,0.0006311760995129358,0.0004984681455034147,0.09722218713604383,#000019,#6767fe
Eprs,0.880582924310943,0.3396843029607706,0.34561951626481136,#e15758,#e87d7f
Errfi1,1.0,0.30726330588927375,0.0668063589488762,#ff4e11,#ff8d66
Esm1,0.0006311760995130299,0.0004984681455033609,0.09722218713604382,#000019,#6767fe
Extl1,0.4474142664023819,0.48666709172529143,0.9810335970156462,#727cfa,#727cfa
F13a1,0.47505048949321727,0.7738727663276908,0.04001524612097496,#79c50a,#bff76e
Fam118a,0.918580787368553,0.37910598026819187,0.036191171311247355,#ea6109,#f9a36c
Fam122a,0.033916137511150114,0.039174317848276616,0.18346972727138217,#090a2f,#7e82e7
Fam150b,0.44871498969863227,0.4858161634488045,0.9803390482780409,#727cfa,#727cfa
Fam174b,0.22077955706996555,0.9962564079584317,0.0009212363650459637,#38fe00,#88ff66
Fam189a2,0.00010383511511461821,0.014214150392747626,0.07856663204166363,#000414,#6682ff
Fam53c,0.6892532429626163,0.5778705033068764,0.05207582776666212,#b0930d,#f4dd71
Fam57a,0.13287597559278683,0.1569594972543732,0.4435596685661792,#222871,#8990dc
Fam78a,0.045078026503253044,0.045134895433816144,0.2131174667247341,#0b0c36,#8181e4
Fbl,1.0,0.3072633058892737,0.06680635894887624,#ff4e11,#ff8d66
Fbxl2,0.8334968720180939,0.3526608955938095,0.44523776797703074,#d55a72,#e08597
Fbxl4,0.0008994717705954724,0.0003150727822677021,0.098389690722124,#000019,#6766ff
Fbxl6,0.22024875836649402,0.9943178359213377,0.0,#38fe00,#88ff66
Fbxo18,0.0006311760995129358,0.0004984681455034147,0.0972221871360439,#000019,#6767fe
Fbxo33,1.0,0.3072633058892737,0.06680635894887628,#ff4e11,#ff8d66
Fbxo34,0.9990110851276399,0.3065405172219262,0.07412400363891963,#ff4e13,#ff8d66
Fbxo42,0.22960417398460006,1.0,0.005956424559028626,#3bff02,#88ff66
Fbxw7,0.9990110851276399,0.3065405172219262,0.07412400363891962,#ff4e13,#ff8d66
Fdx1l,0.7017657681648609,0.39878176570545265,0.6651368116157094,#b366aa,#cc99c6
Fgf8,0.24081270337499497,0.968520857125455,0.0579459597434316,#3df70f,#88fa6b
Fkbp6,0.24081270337499497,0.968520857125455,0.0579459597434316,#3df70f,#88fa6b
Flrt3,0.9990110851276401,0.30654051722192616,0.07412400363891938,#ff4e13,#ff8d66
Fmr1,0.0015806605867047152,0.0001819300837969933,0.09737315736174373,#000019,#6866ff
Fos,1.0,0.30726330588927364,0.06680635894887611,#ff4e11,#ff8d66
Fosb,1.0,0.3072633058892737,0.06680635894887628,#ff4e11,#ff8d66
Fosl2,1.0,0.3072633058892737,0.06680635894887624,#ff4e11,#ff8d66
Foxg1,0.9002249811530405,0.3434613942419983,0.2205708675012529,#e65838,#ee8d77
Foxk1,3.952833353404014e-05,0.00775357857106578,0.08683454825344152,#000216,#6674ff
Foxo1,0.8740408508214838,0.3383851956244464,0.35242031540748514,#df565a,#e77e81
Frat2,0.0,0.012648741819971594,0.0802492310798382,#000314,#667eff
Frmd6,1.0,0.3072633058892737,0.0668063589488762,#ff4e11,#ff8d66
Fto,0.38619645952616416,0.5191416137090993,0.998060773117767,#6284ff,#6688ff
Fut7,0.2417843442717428,0.9653828542634284,0.06275326970837704,#3ef610,#88fa6b
Fxyd2,0.22077955706996558,0.9962564079584317,0.0009212363650459637,#38fe00,#88ff66
Fzd4,0.00010383511511461821,0.014214150392747626,0.07856663204166363,#000414,#6682ff
Fzd5,0.9992757956893,0.30656735247010125,0.07316795733507327,#ff4e13,#ff8d66
Gabra4,0.22077955706996558,0.9962564079584317,0.0009212363650458811,#38fe00,#88ff66
Gadd45b,0.23902468583578207,0.9650306804646884,0.061633591126605256,#3df610,#87fa6b
Gadd45g,0.9999981193991858,0.3071875961269451,0.06760749550569725,#ff4e11,#ff8d66
Gas2,0.22077955706996558,0.9962564079584317,0.0009212363650459224,#38fe00,#88ff66
Gata3,0.5837347704444579,0.5556383864792891,0.40264987794420454,#958e67,#c1bca4
Gatad2b,0.3233158448638336,0.7271683537145315,0.6565316687282232,#52b9a7,#92d3c8
Gch1,0.24352036053544968,0.9953160479234713,0.00495237128580274,#3efe01,#8bfe67
Gcm1,0.22077955706996558,0.9962564079584317,0.0009212363650459637,#38fe00,#88ff66
Gcnt2,0.9990110851276401,0.30654051722192616,0.07412400363891954,#ff4e13,#ff8d66
Gdpd5,0.22077955706996563,0.9962564079584317,0.0009212363650458398,#38fe00,#88ff66
Gemin4,0.3350950220543702,0.6827831773600285,0.7482029280387842,#55aebf,#90cad5
Gimap8,0.0014671524414767104,0.000133142698470655,0.09944586156673436,#000019,#6866ff
Gipc3,0.23038096264668456,0.9999652650657826,0.006197962532158194,#3bff02,#89ff66
Glce,0.0021483412575856713,0.0,0.09842932820635453,#010019,#6966ff
Glrx3,0.00010383511511461821,0.014214150392747626,0.0785666320416636,#000414,#6682ff
Glt28d2,0.3901841488053854,0.5153555189082406,1.0,#6383ff,#6685ff
Glyr1,0.572210487889334,0.4408595699247552,0.8494600977578297,#9270d9,#a386df
Gm10130,0.24003591471291022,0.9685555920596713,0.057704421770301224,#3df70f,#88fa6b
Gm10184,0.47505048949321727,0.7738727663276908,0.040015246120974936,#79c50a,#bff76e
Gm10250,0.38861507492969166,0.5169071481671805,0.9993701749738328,#6384ff,#6686ff
Gm10696,0.2400359147129102,0.9685555920596713,0.05770442177030116,#3df70f,#88fa6b
Gm13889,1.0,0.30726330588927375,0.06680635894887627,#ff4e11,#ff8d66
Gm14685,0.9990110851276399,0.3065405172219263,0.07412400363891981,#ff4e13,#ff8d66
Gm20425,0.2400359147129102,0.9685555920596713,0.057704421770301245,#3df70f,#88fa6b
Gm21830,0.6054597903232407,0.4287311192550088,0.8068046121049839,#9a6dce,#b08dd8
Gm28036,0.2204899927912266,0.9953266326153403,0.0003520984571062847,#38fe00,#88ff66
Gm3854,0.39210082509866984,0.5166098845871439,0.9939517532754184,#6484fd,#6887fd
Gm43786,0.9014910149578184,0.36716620049692816,0.09980017616720284,#e65e19,#f09e75
Gm45140,0.4258683287952258,0.49731319062163454,0.988800153932601,#6d7ffc,#6d7ffc
Gm4847,0.2417843442717428,0.9653828542634284,0.06275326970837704,#3ef610,#88fa6b
Gm7276,0.23361402336660064,0.9669791436721769,0.05534768657239236,#3cf70e,#87fa6b
Gm7694,0.9983628910734651,0.30825592356746745,0.06938581941181393,#ff4f12,#ff8d66
Gm973,0.36323457802873366,0.5140767416631438,0.9849796880756183,#5d83fb,#6a8dfb
Gm9925,1.4010738247321383e-05,0.01194101736570591,0.08110137156361288,#000315,#667dff
Gmeb2,0.9990110851276401,0.3065405172219261,0.07412400363891941,#ff4e13,#ff8d66
Gmppb,0.4463867885049748,0.5230178559270886,0.8994748818641227,#7285e5,#7e8fe7
Gnb1l,0.4474142664023819,0.48666709172529143,0.9810335970156462,#727cfa,#727cfa
Gphn,1.0,0.3072633058892737,0.06680635894887628,#ff4e11,#ff8d66
Gpr157,0.40682579283079723,0.5366688130779352,0.9468778486109677,#6889f1,#7391f2
Gpr19,0.9990110851276401,0.30654051722192616,0.0741240036389195,#ff4e13,#ff8d66
Gpr22,0.9997079590411931,0.3067408924453825,0.07143638963111787,#ff4e12,#ff8d66
Gprc5b,0.7903801487911555,0.4750811550461581,0.08266390912742597,#ca7915,#f1b974
Grasp,0.5915886185107275,0.44261392378226566,0.8288970151931321,#9771d3,#a98adb
Grb2,0.00010383511511461821,0.014214150392747626,0.07856663204166356,#000414,#6682ff
Gria1,0.0008994717705954724,0.0003150727822677021,0.098389690722124,#000019,#6766ff
Gria2,1.0,0.3072633058892737,0.06680635894887624,#ff4e11,#ff8d66
Grin1,0.040129298905455205,0.08200066636467533,0.14682935147107554,#0a1525,#87a9de
Gstm2,0.47505048949321727,0.7738727663276908,0.040015246120974936,#79c50a,#bff76e
Gstm5,0.22077955706996558,0.9962564079584317,0.0009212363650458811,#38fe00,#88ff66
Gstp1,0.00010383511511461821,0.014214150392747626,0.07856663204166363,#000414,#6682ff
Gyg,0.0006311760995129358,0.0004984681455034147,0.09722218713604391,#000019,#6767fe
H2-DMb1,0.23840940612352077,0.9682025728144054,0.05731535524428563,#3df70f,#87fa6b
H2-Q10,0.36692145422264316,0.5555374614167659,0.9513850853299959,#5e8ef3,#719bf4
Haghl,0.22115220903817878,0.9966549609178329,0.0013358474040226869,#38fe00,#88ff66
Harbi1,0.3686644468211284,0.5087707847905235,0.9932899041930955,#5e82fd,#6889fd
Has2,0.3901841488053854,0.5153555189082406,1.0,#6383ff,#6685ff
Hexa,0.2395312433574652,0.9964149863751816,0.011250751307881368,#3dfe03,#8afe67
Hilpda,0.7766725656600992,0.37170990757649,0.5411243016182308,#c65f8a,#d78ead
Hipk3,0.22048999279122666,0.9953266326153403,0.0003520984571062847,#38fe00,#88ff66
Hist1h1d,0.22077955706996563,0.9962564079584317,0.0009212363650459224,#38fe00,#88ff66
Hist1h3i,0.0006311760995129358,0.0004984681455034147,0.09722218713604393,#000019,#6767fe
Hmgcr,1.0,0.3072633058892737,0.06680635894887632,#ff4e11,#ff8d66
Hmha1,0.44806396440343754,0.48611218083360136,0.9806413037048186,#727cfa,#727cfa
Hnrnpf,0.9931455362581413,0.3139405656555407,0.06255182309484413,#fd5010,#fe9067
Hnrnpul1,0.07567893841355239,0.22212685047585348,0.12353728919926582,#133920,#8dd8a5
Homer1,1.0,0.3072633058892737,0.06680635894887627,#ff4e11,#ff8d66
Hpn,0.9997079590411931,0.30674089244538255,0.07143638963111795,#ff4e12,#ff8d66
Hpx,0.2400359147129102,0.9685555920596713,0.057704421770301224,#3df70f,#88fa6b
Hras,0.3352183282230214,0.7074953904630598,0.6672536960962544,#55b4aa,#95d0ca
Hrh2,0.5184983696890122,0.4696229596108527,0.905299724179188,#8478e7,#897de8
Hrh3,0.2924464511383654,0.9476842897820217,0.027643170242831926,#4bf207,#94fb6a
Hs6st1,0.009805228423660266,0.002746349891666586,0.1162639382074911,#03011e,#736afb
Hspa1a,3.172738345217846e-05,0.01340056490824382,0.07935153853302927,#000314,#6680ff
Hspa1b,0.00010383511511461821,0.014214150392747626,0.0785666320416636,#000414,#6682ff
Hspb3,0.0014671524414767104,0.000133142698470655,0.0994458615667344,#000019,#6866ff
Hsph1,0.9990110851276401,0.30654051722192616,0.0741240036389195,#ff4e13,#ff8d66
Htr5b,0.22115220903817878,0.9966549609178329,0.0013358474040226869,#38fe00,#88ff66
Ier3,1.0,0.3072633058892737,0.06680635894887624,#ff4e11,#ff8d66
Ifrd1,1.0,0.3072633058892737,0.06680635894887627,#ff4e11,#ff8d66
Igf2r,0.43401683969840804,0.6393661102241057,0.6201172092152349,#6fa39e,#a2c3c0
Ighv5-17,0.2400359147129102,0.9685555920596713,0.05770442177030116,#3df70f,#88fa6b
Ikbip,0.22965053903728938,0.9983643892925672,0.019557651021983896,#3bff05,#87ff66
Ikzf1,0.2218603814411024,0.9967662582751499,0.0023521893495470803,#39fe01,#88ff66
Il16,0.6072049461573685,0.42925216458873783,0.8052358599379434,#9b6dcd,#b08dd8
Il34,0.0008994717705954724,0.0003150727822677021,0.09838969072212397,#000019,#6766ff
Il3ra,0.022733911545100464,0.1068434051793368,0.07628580091632176,#061b13,#81e4c0
Ildr1,0.47505048949321727,0.7738727663276908,0.040015246120974936,#79c50a,#bff76e
Ilvbl,0.00043950855230213547,0.0074012697300956205,0.08776569167738126,#000216,#6773fe
Impg2,0.22349677743772972,0.9984819861097238,0.004126952923589158,#39ff01,#88ff66
Ing2,0.9990110851276401,0.3065405172219261,0.07412400363891945,#ff4e13,#ff8d66
Ipmk,0.8846123925620757,0.33814338494192525,0.33751546662046067,#e25656,#e87d7d
Iqcg,0.26289026923012426,0.8917218634382551,0.27039682412566873,#43e345,#7aeb7b
Iqub,0.3653081122080992,0.5549010951150474,0.9567724584489713,#5d8df4,#709bf5
Irf9,0.449403573223019,0.48560018952508616,0.979956146556211,#737cfa,#737cfa
Irs1,0.9990110851276401,0.30654051722192616,0.07412400363891941,#ff4e13,#ff8d66
Irs2,0.9999981193991858,0.3071875961269451,0.06760749550569725,#ff4e11,#ff8d66
Iscu,0.22882806877341036,0.9979398398085362,0.017170175097862176,#3afe04,#87ff66
Itga7,0.44909476618308786,0.482957744044539,0.9778828951698848,#737bf9,#737bf9
Itgam,0.0009207403782515298,0.0014282434885950508,0.09779132504398376,#000019,#6768fe
Itgb7,0.4400713677119954,0.48961364979576916,0.984558727265262,#707dfb,#707dfb
Jade3,0.0008994717705954724,0.0003150727822677021,0.09838969072212397,#000019,#6766ff
Jag1,0.6678213950427702,0.18441165952412442,0.11187111200541963,#aa2f1d,#e98a7c
Jdp2,0.01582073729201986,0.0013916447995173116,0.11689924331571593,#04001e,#7a68fd
Jmjd1c,0.5099414978426448,0.7492817517512479,0.023415468762549074,#82bf06,#cbfa6b
Jun,1.0,0.30726330588927364,0.06680635894887624,#ff4e11,#ff8d66
Junb,1.0,0.3072633058892737,0.06680635894887624,#ff4e11,#ff8d66
Jund,1.0,0.30726330588927375,0.06680635894887627,#ff4e11,#ff8d66
K230010J24Rik,0.4672728468162162,0.5956249207147536,0.5934794818361432,#779897,#a8bdbd
Katnal1,0.3568974618179159,0.5151960200273381,0.9743580881354634,#5b83f8,#6c90f9
Kazn,0.05106491915969807,0.09848045910431806,0.15260591261561723,#0d1927,#8cb0d9
Kcna4,0.9994988510499891,0.3065936972958027,0.07225102250259835,#ff4e12,#ff8d66
Kcnj2,1.0,0.3072633058892737,0.0668063589488762,#ff4e11,#ff8d66
Kcnma1,0.009503274057081484,0.004331967736969613,0.11333033204515842,#02011d,#726cf9
Kctd12,0.9990110851276401,0.30654051722192616,0.0741240036389195,#ff4e13,#ff8d66
Kctd6,0.24275683675064086,0.9692966035372675,0.06562087704911532,#3ef711,#87fa6b
Kctd8,0.22115220903817878,0.9966549609178329,0.0013358474040225216,#38fe00,#88ff66
Kdm6b,1.0,0.30726330588927375,0.06680635894887627,#ff4e11,#ff8d66
Keap1,0.22077955706996558,0.9962564079584317,0.0009212363650459224,#38fe00,#88ff66
Khdrbs2,0.22939574944429164,0.9977579097247397,0.018226345942474038,#3afe05,#87ff66
Klf16,0.8016245693288516,0.36033640475773376,0.4931852420617468,#cc5c7e,#db8aa2
Klf2,1.0,0.3072633058892737,0.06680635894887628,#ff4e11,#ff8d66
Klf8,0.0006311760995129358,0.0004984681455034147,0.0972221871360439,#000019,#6767fe
Klhdc2,0.40932841044118695,0.8290096337161896,0.04804976387145382,#68d30c,#adf76e
Klhl21,0.9994988510499891,0.30659369729580266,0.07225102250259832,#ff4e12,#ff8d66
Klhl26,0.23038096264668456,0.9999652650657826,0.006197962532158194,#3bff02,#89ff66
Knop1,1.0,0.3072633058892737,0.06680635894887624,#ff4e11,#ff8d66
Krba1,0.5364478516904426,0.4430433018135558,0.8710137368114209,#8971de,#9883e2
Krcc1,0.3273918327356931,0.7106033723992424,0.6869544227077979,#53b5af,#94d1cd
L3hypdh,1.0,0.3072633058892737,0.06680635894887628,#ff4e11,#ff8d66
Lat,0.4500464316233103,0.48524286825512025,0.9794550784548275,#737cfa,#737cfa
Lats1,0.23345207636244417,0.9967612197643501,0.010629785425265246,#3cfe03,#89ff66
Lbh,0.2417845422399759,0.9963638022927837,0.004358364916931725,#3efe01,#8bfe67
Lgals1,0.3698287893694465,0.535122218073453,0.989789207595774,#5e88fc,#6890fd
Lgmn,0.22077955706996558,0.9962564079584317,0.0009212363650458811,#38fe00,#88ff66
Lif,0.0006311760995129358,0.0004984681455034147,0.09722218713604396,#000019,#6767fe
Lin7c,0.43866536403752915,0.4943810710028446,0.9769661128368559,#707ef9,#707ef9
Lmo7,0.22077955706996558,0.9962564079584317,0.0009212363650458811,#38fe00,#88ff66
Lonrf1,1.0,0.30726330588927364,0.06680635894887624,#ff4e11,#ff8d66
Lrrc10b,0.22077955706996558,0.9962564079584317,0.0009212363650458811,#38fe00,#88ff66
Lrrc48,0.22077955706996558,0.9962564079584317,0.0009212363650458811,#38fe00,#88ff66
Lsm7,0.22077955706996558,0.9962564079584317,0.0009212363650458811,#38fe00,#88ff66
Lyrm2,0.36584584146497673,0.5559741809025956,0.9558539003092279,#5d8ef4,#709bf5
Lysmd3,0.00010383511511471223,0.014214150392747035,0.07856663204166298,#000414,#6682ff
Lysmd4,0.0006311760995129358,0.0004984681455034147,0.09722218713604386,#000019,#6767fe
M1ap,0.47505048949321727,0.7738727663276908,0.040015246120974936,#79c50a,#bff76e
Malsu1,0.24679370061161424,0.95755554352181,0.08846593678013782,#3ff417,#86f86d
Maml2,0.0003854548216663209,0.0045271314695920625,0.09167424029663264,#000117,#676efe
Mamld1,0.0006311760995129358,0.0004984681455034147,0.0972221871360439,#000019,#6767fe
Mapkapk2,0.03922252872890125,0.003625157170154749,0.08450143559287247,#0a0116,#aa6cf9
Mapre1,0.9993571415997089,0.3076206271592396,0.06730742705025962,#ff4e11,#ff8d66
March11,0.9990110851276401,0.30654051722192616,0.07412400363891954,#ff4e13,#ff8d66
Mcl1,1.0,0.3072633058892737,0.06680635894887624,#ff4e11,#ff8d66
Mea1,0.22350047910769635,0.9969974194360278,0.008837691643861544,#39fe02,#87ff66
Mest,0.999837109243975,0.30688339113155616,0.06978741420246382,#ff4e12,#ff8d66
Mettl7a1,0.0014671524414767104,0.000133142698470655,0.09944586156673445,#000019,#6866ff
Mfap1a,0.0008994717705954724,0.0003150727822677021,0.09838969072212397,#000019,#6766ff
Mfap3l,0.0006311760995129358,0.0004984681455034147,0.09722218713604393,#000019,#6767fe
Mgst3,0.22077955706996555,0.9962564079584317,0.0009212363650459637,#38fe00,#88ff66
Minpp1,0.2341851982117997,0.992340042737931,0.04024632388614702,#3cfd0a,#86fe67
Mis12,0.0006311760995129358,0.0004984681455034147,0.0972221871360439,#000019,#6767fe
Mkks,0.22115220903817878,0.9966549609178329,0.0013358474040224804,#38fe00,#88ff66
Mmp12,0.47505048949321727,0.7738727663276908,0.04001524612097498,#79c50a,#bff76e
Mn1,0.0006311760995129358,0.0004984681455034147,0.09722218713604387,#000019,#6767fe
Mobp,0.29565758087251054,0.818688868808222,0.420888468595602,#4bd16b,#85e09b
Mrpl42,3.9528333533758024e-05,0.007753578571065511,0.08683454825344121,#000216,#6674ff
Mrps16,0.22115220903817878,0.9966549609178329,0.0013358474040225216,#38fe00,#88ff66
Mrps23,0.0008994717705954724,0.0003150727822677021,0.09838969072212397,#000019,#6766ff
Mrps26,0.22882806877341036,0.9979398398085362,0.017170175097862197,#3afe04,#87ff66
Msmo1,0.5279552938185236,0.6980878019857477,0.12762872669283687,#87b221,#c8e77e
Mtch2,1.0,0.3072633058892737,0.06680635894887627,#ff4e11,#ff8d66
Mtrf1,0.449403573223019,0.48560018952508616,0.979956146556211,#737cfa,#737cfa
Myd88,0.0006311760995131239,0.0004984681455031995,0.0972221871360437,#000019,#6767fe
Myeov2,0.22077955706996555,0.9962564079584317,0.0009212363650458398,#38fe00,#88ff66
Myl12b,0.0006311760995129358,0.0004984681455034147,0.09722218713604396,#000019,#6767fe
Myom1,0.0006311760995129358,0.0004984681455034147,0.09722218713604393,#000019,#6767fe
Naa30,0.4474142664023819,0.48666709172529143,0.9810335970156462,#727cfa,#727cfa
Nab2,0.22077955706996555,0.9962564079584317,0.0009212363650459637,#38fe00,#88ff66
Naf1,0.6807045476869348,0.4003062546959892,0.6836343166389403,#ae66ae,#ca9bca
Nap1l5,1.0,0.3072633058892737,0.06680635894887627,#ff4e11,#ff8d66
Ndnl2,0.9990110851276401,0.30654051722192616,0.0741240036389195,#ff4e13,#ff8d66
Ndufs4,0.8278981336544721,0.3522693860052552,0.4509739523518964,#d35a73,#df8699
Ndufs5,0.0004473095023828687,0.00175428339291801,0.09524870139779411,#000018,#6769fe
Ndufv1,0.22077955706996563,0.9962564079584317,0.0009212363650458398,#38fe00,#88ff66
Necap1,0.00010383511511461821,0.014214150392747626,0.07856663204166356,#000414,#6682ff
Neurl4,0.22115220903817878,0.9966549609178329,0.0013358474040227695,#38fe00,#88ff66
Neurod2,0.9977739419493699,0.309462602544369,0.06518079168354163,#fe4f11,#ff8e66
Nexn,0.8755711359475717,0.33795445214080516,0.35095659743508767,#df5659,#e77e81
Nfam1,0.449403573223019,0.48560018952508627,0.979956146556211,#737cfa,#737cfa
Nfil3,1.0,0.3072633058892737,0.06680635894887618,#ff4e11,#ff8d66
Ngrn,0.9960474047404174,0.3093739354596633,0.06952822287033135,#fe4f12,#fe8e67
Nkrf,0.9990110851276401,0.30654051722192616,0.07412400363891947,#ff4e13,#ff8d66
Nkx2-2,0.999626120651957,0.3066604862196476,0.07140318363076532,#ff4e12,#ff8d66
Npas4,1.0,0.30726330588927375,0.06680635894887624,#ff4e11,#ff8d66
Nppa,0.0021483412575856713,1.0761387512609131e-16,0.09842932820635474,#010019,#6966ff
Nptx2,0.9999981193991858,0.3071875961269451,0.06760749550569724,#ff4e11,#ff8d66
Npy1r,0.009515664144921485,0.0018165745485752192,0.1156948002995514,#02001e,#7268fd
Npy5r,0.22148772947288922,0.9963677053157486,0.0019375783105697788,#38fe00,#88ff66
Nr2f1,0.00010383511511461821,0.014214150392747626,0.07856663204166363,#000414,#6682ff
Nr4a1,1.0,0.3072633058892737,0.0668063589488762,#ff4e11,#ff8d66
Nr4a2,1.0,0.3072633058892737,0.0668063589488762,#ff4e11,#ff8d66
Nr4a3,1.0,0.30726330588927375,0.06680635894887632,#ff4e11,#ff8d66
Nrg2,0.2803250340875867,0.843524084363673,0.2882719900954676,#47d74a,#81e483
Nrip1,3.172738345208442e-05,0.01340056490824382,0.07935153853302947,#000314,#6680ff
Nsf,0.22077955706996558,0.9962564079584317,0.0009212363650459224,#38fe00,#88ff66
Nsmaf,0.0014671524414767104,0.000133142698470655,0.09944586156673432,#000019,#6866ff
Ntpcr,0.45742085709028585,0.4851295052619942,0.9728633081638894,#757cf8,#757cf8
Nuak1,1.0,0.3072633058892737,0.0668063589488762,#ff4e11,#ff8d66
Nuf2,0.3664440339824061,0.5540308484829274,0.9556728600827368,#5d8df4,#709af5
Numb,0.12135253986981509,0.44592555011634516,0.10617765447820723,#1f721b,#88e283
Nup50,1.0,0.3072633058892737,0.06680635894887624,#ff4e11,#ff8d66
Nupr1,0.0014671524414767104,0.000133142698470655,0.09944586156673445,#000019,#6866ff
Odf4,0.47505048949321727,0.7738727663276908,0.04001524612097496,#79c50a,#bff76e
Olfml2b,0.09096402976588419,0.018577942281965344,0.09954277756650101,#170519,#dc7ee7
Olfr635,0.4670941264138839,0.778270516605487,0.03899496447252458,#77c60a,#bdf86d
Orc5,0.0006311760995129358,0.0004984681455034147,0.09722218713604378,#000019,#6767fe
Otog,0.0006311760995129358,0.0004984681455034147,0.0972221871360439,#000019,#6767fe
Otud1,1.0,0.30726330588927364,0.06680635894887624,#ff4e11,#ff8d66
Oxr1,0.22077955706996558,0.9962564079584317,0.0009212363650457985,#38fe00,#88ff66
Pak6,0.8502043396082196,0.24902921414281762,0.08648760850949419,#d94016,#f18f74
Palb2,0.22965053903728916,0.9983643892925668,0.019557651021984517,#3bff05,#87ff66
Parg,0.06165214828651135,0.28766272716890684,0.0482888497761894,#10490c,#82e97c
Pcdh8,0.9992757956893,0.30656735247010125,0.0731679573350733,#ff4e13,#ff8d66
Pdia4,0.0008994717705954724,0.0003150727822677021,0.098389690722124,#000019,#6766ff
Peli1,0.999484903680504,0.30671454761968114,0.07235332446359273,#ff4e12,#ff8d66
Per1,0.9992708523175845,0.3079775138996129,0.06611516668892203,#ff4f11,#ff8e66
Phlda1,1.0,0.30726330588927364,0.06680635894887624,#ff4e11,#ff8d66
Phtf1,0.22077955706996558,0.9962564079584317,0.0009212363650459224,#38fe00,#88ff66
Pick1,0.0008994717705954724,0.0003150727822677021,0.098389690722124,#000019,#6766ff
Pigb,0.6124766637957016,0.4305277487321653,0.8023942539872042,#9c6ecd,#b28dd8
Pigm,0.8269547985286345,0.35136178825748526,0.4520385671197041,#d35a73,#df8699
Pira2,0.47505048949321727,0.7738727663276903,0.04001524612097428,#79c50a,#bff76e
Pkd1,0.00010383511511461821,0.014214150392747626,0.07856663204166354,#000414,#6682ff
Plagl1,1.0,0.30726330588927364,0.06680635894887615,#ff4e11,#ff8d66
Pld6,0.22077955706996558,0.9962564079584317,0.0009212363650458811,#38fe00,#88ff66
Plekho1,0.9990110851276401,0.3065405172219261,0.07412400363891941,#ff4e13,#ff8d66
Plk2,1.0,0.3072633058892737,0.06680635894887627,#ff4e11,#ff8d66
Plk3,1.0,0.3072633058892737,0.06680635894887627,#ff4e11,#ff8d66
Pmm2,0.37676112367632764,0.5289055176495232,0.9925784839662568,#6087fd,#688dfd
Pnp,0.3698287893694465,0.535122218073453,0.989789207595774,#5e88fc,#6890fd
Pnpt1,1.0,0.3072633058892737,0.06680635894887615,#ff4e11,#ff8d66
Poc5,0.21666081659128747,0.9785366787554095,0.00296313656804246,#37fa01,#88ff66
Polr2d,0.22077955706996555,0.9962564079584317,0.0009212363650458398,#38fe00,#88ff66
Ppat,1.0,0.3072633058892737,0.06680635894887624,#ff4e11,#ff8d66
Ppic,0.603147318630326,0.4294215562823703,0.8088994172560051,#9a6ece,#af8cd9
Ppm1d,0.9997079590411931,0.3067408924453826,0.07143638963111792,#ff4e12,#ff8d66
Ppp1r15a,1.0,0.3072633058892737,0.0668063589488762,#ff4e11,#ff8d66
Ppp2r2a,0.026212645979808335,0.0004269108600024937,0.09417331984571407,#070018,#9067fe
Ppp6c,0.9999981193991858,0.3071875961269451,0.06760749550569721,#ff4e11,#ff8d66
Prep,0.0008994717705954724,0.0003150727822677021,0.09838969072212397,#000019,#6766ff
Prickle2,0.9961913963066373,0.30580608035184426,0.07031661423735862,#fe4e12,#fe8d67
Prkcb,0.0006311760995129358,0.0004984681455034147,0.09722218713604383,#000019,#6767fe
Prkci,0.2501770462899216,0.9006732717909823,0.17785088269206714,#40e62d,#83ef76
Prkcz,0.3929604191939645,0.5163977566789129,0.9903397854763143,#6484fd,#6887fd
Prmt3,0.0006311760995129358,0.0004984681455034147,0.09722218713604386,#000019,#6767fe
Prnp,0.3929362765119367,0.5182642672194188,0.9871838876052087,#6484fc,#6988fc
Prokr2,0.00010383511511461821,0.014214150392747626,0.07856663204166356,#000414,#6682ff
Prom2,0.9014910149578184,0.36716620049692816,0.09980017616720284,#e65e19,#f09e75
Prpf38b,0.9996121732824718,0.306781336543526,0.07150548559175976,#ff4e12,#ff8d66
Prr15,0.22077955706996555,0.9962564079584317,0.0009212363650457573,#38fe00,#88ff66
Psmb8,0.5726025487890137,0.6832132484999628,0.049665044270576934,#92ae0d,#def570
Psmc3,0.22077955706996588,0.9962564079584317,0.000921236365045592,#38fe00,#88ff66
Ptger4,0.0006311760995129358,0.0004984681455034147,0.09722218713604386,#000019,#6767fe
Ptgs2,1.0,0.30726330588927364,0.0668063589488762,#ff4e11,#ff8d66
Ptpn22,0.22965053903728921,0.9983643892925668,0.01955765102198437,#3bff05,#87ff66
Pxn,0.383698813703523,0.389887230589145,0.8455146292982917,#6263d8,#8586e0
Rab11fip2,0.0006311760995129358,0.0004984681455034147,0.09722218713604386,#000019,#6767fe
Rab2a,0.00010383511511461821,0.014214150392747626,0.07856663204166359,#000414,#6682ff
Rab39b,0.9990110851276401,0.30654051722192616,0.07412400363891955,#ff4e13,#ff8d66
Rab3b,3.172738345208442e-05,0.013400564908243606,0.0793515385330293,#000314,#6680ff
Raf1,0.8141507458598926,0.34941527964379904,0.460176181024051,#d05975,#dd889c
Ranbp2,0.999484903680504,0.30671454761968114,0.0723533244635928,#ff4e12,#ff8d66
Rasd1,1.0,0.30726330588927364,0.06680635894887615,#ff4e11,#ff8d66
Rasl11a,0.5285281116359881,0.6109362088456752,0.37315801644637053,#879c5f,#b8c5a0
Rbbp5,0.8117761260276245,0.45494777301821976,0.08593654911582567,#cf7416,#f0b475
Rbbp8,0.22882806877341036,0.9979398398085364,0.017170175097862405,#3afe04,#87ff66
Rbm38,3.9528333533758024e-05,0.007753578571065511,0.08683454825344121,#000216,#6674ff
Rbp4,0.9974210808998498,0.30623096678010153,0.07585992964377884,#fe4e13,#ff8c66
Rbsn,0.0006311760995129358,0.0004984681455034147,0.09722218713604379,#000019,#6767fe
Rdh16,0.9038112694619528,0.3419898395281931,0.214139373234367,#e65737,#ee8d77
Rfc5,0.00010383511511461821,0.014214150392747626,0.07856663204166364,#000414,#6682ff
Rfx2,1.0,0.30726330588927364,0.06680635894887618,#ff4e11,#ff8d66
Rfx7,0.9998352286431608,0.3068076813692275,0.0705885507592849,#ff4e12,#ff8d66
Rgmb,0.9990110851276401,0.30654051722192616,0.07412400363891963,#ff4e13,#ff8d66
Rgs2,1.0,0.3072633058892737,0.06680635894887624,#ff4e11,#ff8d66
Rgs4,1.0,0.3072633058892737,0.06680635894887615,#ff4e11,#ff8d66
Ripk3,0.47505048949321727,0.7738727663276908,0.040015246120974936,#79c50a,#bff76e
Rnf128,0.7831963968803667,0.37219925246802243,0.5348281239483481,#c85f88,#d88dab
Rnf138rt1,0.0006311760995129358,0.0004984681455034147,0.0972221871360439,#000019,#6767fe
Rnf149,0.5941652074894077,0.5887667438925042,0.3359038893058365,#989656,#c8c79d
Rnft1,0.5604039390829547,0.6952784148746467,0.041381887170141164,#8fb10b,#daf66f
Rnpc3,0.9990110851276401,0.3065405172219262,0.07412400363891958,#ff4e13,#ff8d66
Rom1,0.22077955706996555,0.9962564079584317,0.0009212363650457573,#38fe00,#88ff66
Rora,1.0,0.30726330588927364,0.0668063589488762,#ff4e11,#ff8d66
Rorb,0.22960417398460006,1.0,0.005956424559028832,#3bff02,#88ff66
Rpl21-ps4,0.47505048949321727,0.7738727663276908,0.04001524612097496,#79c50a,#bff76e
Rpl36a,0.22077955706996555,0.9962564079584317,0.0009212363650457985,#38fe00,#88ff66
Rpp21,0.00010383511511461821,0.014214150392747626,0.0785666320416637,#000414,#6682ff
Rsbn1l,0.3094815114440199,0.7657932030209169,0.5645642649542603,#4fc390,#8dd8b7
Rsrc1,0.5486540585661995,0.44870291362030057,0.8766163656915128,#8c72e0,#9982e3
Rundc1,0.0006311760995129358,0.0004984681455034147,0.09722218713604387,#000019,#6767fe
Samd11,0.3901841488053854,0.5153555189082406,0.9999999999999999,#6383ff,#6685ff
Samm50,0.22077955706996558,0.9962564079584317,0.000921236365045716,#38fe00,#88ff66
Sbds,0.8713106015828032,0.26913640986205245,0.03575796835680334,#de4509,#f9936c
Scd3,0.32307765972396674,0.7242341111897063,0.6618776120079194,#52b9a9,#92d3c9
Scg2,0.9990110851276401,0.30654051722192616,0.07412400363891955,#ff4e13,#ff8d66
Scg3,0.6405651300499673,0.616979594707492,0.061931272381632665,#a39d10,#f2ec73
Scrn1,0.00010383511511461821,0.014214150392747626,0.07856663204166359,#000414,#6682ff
Sdcbp,0.9990110851276401,0.3065405172219262,0.07412400363891958,#ff4e13,#ff8d66
Sebox,0.22115220903817873,0.9966549609178329,0.0013358474040226869,#38fe00,#88ff66
Sec61b,0.7000106793963894,0.39641854343706207,0.6626166548388663,#b365a9,#cc99c6
Serp1,0.0014671524414767104,0.000133142698470655,0.09944586156673436,#000019,#6866ff
Sf3b1,0.2417845422399758,0.9963638022927834,0.004358364916931435,#3efe01,#8bfe67
Sgk1,0.9999981193991858,0.30718759612694513,0.0676074955056973,#ff4e11,#ff8d66
Sgpl1,0.00010383511511461821,0.014214150392747626,0.07856663204166363,#000414,#6682ff
Sh2d3c,0.9990110851276401,0.30654051722192616,0.07412400363891955,#ff4e13,#ff8d66
Shc4,0.7142853990528291,0.3937160298662495,0.6457074057934954,#b664a5,#ce97c2
Shmt2,0.0008994717705954724,0.0003150727822677021,0.09838969072212397,#000019,#6766ff
Siah2,1.0,0.3072633058892737,0.0668063589488762,#ff4e11,#ff8d66
Sik1,0.9985276624303041,0.3087115480875136,0.06560362760140513,#ff4f11,#ff8e66
Slc14a1,0.2379450473900716,0.9983714824653881,0.005829915455605892,#3dff01,#8aff66
Slc16a1,0.999626120651957,0.3066604862196476,0.07140318363076543,#ff4e12,#ff8d66
Slc18a2,0.9992757956893,0.30656735247010125,0.0731679573350733,#ff4e13,#ff8d66
Slc18b1,0.0006193717779533146,0.01632224516734951,0.07826758545980222,#000414,#6786fe
Slc20a2,0.0,0.012648741819971594,0.08024923107983817,#000314,#667eff
Slc23a4,0.2697931782018664,0.3535134145820822,0.8111358437273983,#455acf,#8593e0
Slc25a25,0.9990110851276401,0.3065405172219262,0.07412400363891955,#ff4e13,#ff8d66
Slc2a3,0.9990110851276401,0.30654051722192616,0.07412400363891947,#ff4e13,#ff8d66
Slc2a5,0.32348228833849163,0.6992983736962357,0.6448913467678385,#52b2a4,#95d0c7
Slc35c2,0.00010383511511461821,0.014214150392747626,0.07856663204166363,#000414,#6682ff
Slc36a4,0.33968566437569325,0.7101819820231362,0.6686300222984826,#57b5ab,#95d0ca
Slc5a10,0.47505048949321727,0.7738727663276908,0.040015246120974894,#79c50a,#bff76e
Slc6a6,0.838860231610151,0.4543173217032617,0.020931544063493852,#d67405,#fbb76a
Slc7a15,0.36693546496089086,0.5548297369624999,0.9522372258137698,#5e8df3,#719bf4
Slco2a1,0.3111790712792907,0.780373288480231,0.5187376104309335,#4fc784,#8bdaae
Smad7,1.0,0.3072633058892737,0.0668063589488762,#ff4e11,#ff8d66
Smc1b,0.0,0.012648741819971594,0.08024923107983821,#000314,#667eff
Smg9,0.770055196828583,0.37281501260291083,0.5523525552456022,#c45f8d,#d68faf
Smndc1,1.0,0.3072633058892737,0.0668063589488762,#ff4e11,#ff8d66
Snrpd2,3.172738345208442e-05,0.01340056490824382,0.07935153853302936,#000314,#6680ff
Snx18,1.0,0.3072633058892737,0.06680635894887624,#ff4e11,#ff8d66
Snx4,0.0005283456636106837,0.0011236690027498664,0.09623793564723714,#000019,#6768fe
Sorcs2,0.00014529476069253763,0.007164941573501142,0.08781574433832715,#000216,#6672ff
Sos1,0.7142853990528291,0.39371602986624954,0.6457074057934954,#b664a5,#ce97c2
Sowahc,0.00010383511511461821,0.014214150392747626,0.07856663204166354,#000414,#6682ff
Spata2l,0.8327133244685919,0.35250560105149875,0.44611097209544665,#d45a72,#e08597
Spcs3,0.7078486408678317,0.4008387740659996,0.6589561994582441,#b566a8,#cd98c4
Specc1l,0.03921935212380888,0.003435960208239865,0.0865705620062488,#0a0116,#a96cf9
Spin2c,0.0006311760995129358,0.0004984681455034147,0.09722218713604386,#000019,#6767fe
Sptlc2,0.0008994717705961307,0.0003150727822674869,0.09838969072212347,#000019,#6766ff
Spty2d1,0.9990110851276401,0.3065405172219262,0.07412400363891955,#ff4e13,#ff8d66
Srek1ip1,0.7559422523642974,0.38290613763918596,0.5813663847139025,#c16294,#d491b5
Srf,0.9985276624303041,0.3087115480875136,0.06560362760140509,#ff4f11,#ff8e66
Srgap1,0.36614703589235953,0.5229135403037924,0.989914103269193,#5d85fc,#688efd
Ssna1,0.23721449762392,0.997494331555904,0.01783173237336323,#3cfe05,#88ff66
Ssxb2,0.24081270337499497,0.968520857125455,0.05794595974343168,#3df70f,#88fa6b
Stard3nl,0.22077955706996555,0.9962564079584317,0.0009212363650457985,#38fe00,#88ff66
Stmn4,1.0,0.3072633058892737,0.06680635894887618,#ff4e11,#ff8d66
Stx2,1.0,0.3072633058892737,0.06680635894887618,#ff4e11,#ff8d66
Sumf2,0.22077955706996555,0.9962564079584317,0.0009212363650457985,#38fe00,#88ff66
Suv39h1,0.0006311760995129358,0.0004984681455034147,0.09722218713604383,#000019,#6767fe
Syt4,1.0,0.3072633058892737,0.06680635894887618,#ff4e11,#ff8d66
Syt5,0.0008994717705954724,0.0003150727822677021,0.098389690722124,#000019,#6766ff
Tada2b,0.7516862975548705,0.38706711432761565,0.5484856618634121,#c0638c,#d392af
Tax1bp1,0.9998352286431608,0.3068076813692274,0.0705885507592849,#ff4e12,#ff8d66
Tbc1d17,0.00010383511511461821,0.014214150392747626,0.07856663204166359,#000414,#6682ff
Tbcel,0.9990110851276401,0.3065405172219262,0.07412400363891958,#ff4e13,#ff8d66
Tceb2,0.00010383511511461821,0.014214150392747626,0.0785666320416636,#000414,#6682ff
Tcta,0.22077955706996555,0.9962564079584317,0.0009212363650457985,#38fe00,#88ff66
Tdrp,0.9994988510499891,0.30659369729580266,0.07225102250259828,#ff4e12,#ff8d66
Tes,0.0006311760995129358,0.0004984681455034147,0.09722218713604383,#000019,#6767fe
Tgfb3,1.0,0.3072633058892737,0.06680635894887624,#ff4e11,#ff8d66
Tgs1,0.1719217852541803,0.7063859356783581,0.07546300627465631,#2cb413,#88f075
Thap4,0.3615897787868617,0.5052832454723372,0.9892114784857843,#5c81fc,#698afc
Thoc7,0.15106273480553423,0.1847201752396481,0.49638974188523893,#272f7f,#8a92db
Tiparp,1.0,0.3072633058892737,0.0668063589488762,#ff4e11,#ff8d66
Tlr13,0.22077955706996555,0.9962564079584317,0.0009212363650458398,#38fe00,#88ff66
Tmed2,0.22077955706996555,0.9962564079584317,0.0009212363650458398,#38fe00,#88ff66
Tmem119,0.3704619162470148,0.5346834887417611,0.9896920871240853,#5e88fc,#6890fd
Tmem151b,0.22077955706996588,0.9962564079584317,0.000921236365045592,#38fe00,#88ff66
Tmem167,0.016860593771685074,0.0013789659819849278,0.11707086590576876,#04001e,#7c68fd
Tmem201,0.0006311760995129358,0.0004984681455034147,0.0972221871360439,#000019,#6767fe
Tmem253,0.2417843442717428,0.9653828542634284,0.06275326970837708,#3ef610,#88fa6b
Tmem39a,0.0006311760995129358,0.0004984681455034147,0.09722218713604382,#000019,#6767fe
Tmem47,0.9999981193991858,0.307187596126945,0.06760749550569721,#ff4e11,#ff8d66
Tmem50a,0.0014671524414767104,0.000133142698470655,0.0994458615667344,#000019,#6866ff
Tmem8b,0.9990110851276401,0.30654051722192616,0.0741240036389195,#ff4e13,#ff8d66
Tmprss9,0.21767141212066649,0.9827738796545996,0.0023953321865909194,#38fb01,#88ff66
Tmx4,0.20024580534932127,0.2560987003062594,0.6299503779591279,#3341a1,#8b95da
Tnfrsf23,0.0014671524414767104,0.000133142698470655,0.0994458615667344,#000019,#6866ff
Tnip2,0.8503759977049001,0.3478662673715764,0.408347039930914,#d95968,#e2838e
Toe1,0.2367746244411455,0.9996774661738325,0.007346191977243646,#3cff02,#89ff66
Tox4,0.0014671524414767104,0.000133142698470655,0.09944586156673442,#000019,#6866ff
Tra2b,0.9997079590411931,0.30674089244538255,0.07143638963111792,#ff4e12,#ff8d66
Traip,0.0014671524414767104,0.000133142698470655,0.09944586156673445,#000019,#6866ff
Trappc6b,0.8246135802608777,0.35245330713933765,0.4538280355940992,#d25a74,#de8799
Trhr,0.337330341228451,0.6792495435503645,0.756931869328914,#56adc1,#8fc9d6
Trib1,1.0,0.3072633058892737,0.06680635894887627,#ff4e11,#ff8d66
Trim11,0.6225096167164649,0.4309051945905608,0.7915289851553732,#9f6eca,#b58fd6
Trp53inp2,0.9899975852643644,0.3169531990310918,0.060838781554530076,#fc5110,#fd9168
Tsen54,0.9995007316508038,0.3066694070581313,0.07144988594577721,#ff4e12,#ff8d66
Tspan33,0.2374713277804149,0.9990854235078847,0.006715279431727191,#3dff02,#8aff66
Tuba1b,0.22077955706996558,0.9962564079584317,0.0009212363650457573,#38fe00,#88ff66
Tubb2a,0.22024875836649402,0.9943178359213377,0.0,#38fe00,#88ff66
Tubb3,0.22048999279122666,0.9953266326153403,0.0003520984571064499,#38fe00,#88ff66
Tubb4a,0.22077955706996555,0.9962564079584317,0.0009212363650457985,#38fe00,#88ff66
Tubb4b,0.00010383511511461821,0.014214150392747626,0.07856663204166363,#000414,#6682ff
Txnip,0.0006311760995129358,0.0004984681455034147,0.09722218713604383,#000019,#6767fe
U2af1l4,1.0,0.30726330588927375,0.06680635894887632,#ff4e11,#ff8d66
Uba3,0.0015806605867047152,0.0001819300837969933,0.0973731573617438,#000019,#6866ff
Ubc,1.0,0.30726330588927364,0.06680635894887618,#ff4e11,#ff8d66
Ube2a,0.22077955706996555,0.9962564079584317,0.0009212363650457985,#38fe00,#88ff66
Ube2d3,0.00285651366050925,0.0001112973573170671,0.09944567015187877,#010019,#6a66ff
Ube2l6,0.0014671524414767104,0.000133142698470655,0.09944586156673445,#000019,#6866ff
Ube2o,0.22965053903728921,0.9983643892925668,0.01955765102198437,#3bff05,#87ff66
Unc5a,1.0,0.3072633058892737,0.0668063589488762,#ff4e11,#ff8d66
Uncx,0.0006311760995129358,0.0004984681455034147,0.09722218713604386,#000019,#6767fe
Uqcrc2,3.172738345208442e-05,0.01340056490824382,0.07935153853302947,#000314,#6680ff
Urb1,0.3636057775721832,0.507187621920504,0.991438148673596,#5d81fd,#688afd
Usp17lc,0.9014910149578184,0.36716620049692816,0.09980017616720276,#e65e19,#f09e75
Usp27x,1.0,0.3072633058892737,0.0668063589488762,#ff4e11,#ff8d66
Usp36,0.9852068935441196,0.32150132720790126,0.05855098771477,#fb520f,#fd9268
Uspl1,0.5864099085287404,0.16074326492764782,0.07496289612935023,#962913,#ee8b77
Vamp1,0.0014671524414767104,0.000133142698470655,0.09944586156673434,#000019,#6866ff
Veph1,0.8289597676324528,0.35239436119396345,0.45079813030152616,#d35a73,#df8698
Vmn1r63,0.0006311760995129358,0.0004984681455034147,0.09722218713604379,#000019,#6767fe
Vmn2r10,0.47505048949321727,0.7738727663276908,0.04001524612097496,#79c50a,#bff76e
Vwa3b,0.39150548038636873,0.5154399797785643,0.9983000179163025,#6483ff,#6686ff
Wbscr16,0.2428921138257331,0.968850565390551,0.06709819099396329,#3ef711,#87fa6b
Wdfy2,0.24791102433713438,0.932790846422638,0.16937716499558061,#3fee2b,#7ff471
Wdr26,0.0006311760995129358,0.0004984681455034147,0.09722218713604386,#000019,#6767fe
Wdr34,3.172738345208442e-05,0.01340056490824382,0.07935153853302947,#000314,#6680ff
Wdr45b,0.0021483412575856713,1.0761387512609131e-16,0.09842932820635462,#010019,#6966ff
Wdr83,0.3118430119217991,0.7546298653402927,0.5847233626511993,#50c095,#8ed7bb
Wwc1,0.45052639249787585,0.4019724866630207,0.048783066730156824,#73670c,#f0e175
Zbtb11,0.7413630460467889,0.5292954524749228,0.046532426232795736,#bd870c,#f6cd6f
Zbtb21,0.7284525624309021,0.4166136991851312,0.5325794448352167,#ba6a88,#ce97ab
Zbtb33,0.8966444334907016,0.33486022493891304,0.3099783466314459,#e5554f,#eb7f7a
Zbtb41,0.22077955706996588,0.9962564079584317,0.0009212363650455507,#38fe00,#88ff66
Zc3h11a,0.22077955706996555,0.9962564079584317,0.0009212363650459224,#38fe00,#88ff66
Zc3h12c,0.0014671524414767104,0.000133142698470655,0.09944586156673438,#000019,#6866ff
Zc3h6,0.4474142664023819,0.48666709172529143,0.9810335970156462,#727cfa,#727cfa
Zdbf2,0.00010383511511461821,0.014214150392747626,0.07856663204166359,#000414,#6682ff
Zdhhc2,0.22077955706996555,0.9962564079584317,0.0009212363650459224,#38fe00,#88ff66
Zfand5,0.9998352286431608,0.3068076813692274,0.07058855075928487,#ff4e12,#ff8d66
Zfp207,0.9990110851276401,0.30654051722192616,0.0741240036389195,#ff4e13,#ff8d66
Zfp24,0.9998352286431608,0.3068076813692274,0.0705885507592849,#ff4e12,#ff8d66
Zfp26,0.0014671524414767104,0.000133142698470655,0.09944586156673438,#000019,#6866ff
Zfp276,0.4498270782048066,0.48585489797724163,0.9782374355043757,#737cf9,#737cf9
Zfp281,0.9994988510499891,0.30659369729580266,0.07225102250259831,#ff4e12,#ff8d66
Zfp385b,0.42727630543709305,0.5753421787725265,0.8341170659110373,#6d93d5,#88a7dd
Zfp52,0.0008994717705954724,0.0003150727822677021,0.09838969072212397,#000019,#6766ff
Zfp553,0.22077955706996555,0.9962564079584317,0.0009212363650459637,#38fe00,#88ff66
Zfp59,0.0008994717705954724,0.0003150727822677021,0.098389690722124,#000019,#6766ff
Zfp654,0.22077955706996555,0.9962564079584317,0.0009212363650458811,#38fe00,#88ff66
Zfp655,0.9997908920087965,0.3071161107396937,0.0676209918203564,#ff4e11,#ff8d66
Zfp668,0.00010383511511461821,0.014214150392747626,0.0785666320416636,#000414,#6682ff
Zfp799,0.9999981193991858,0.307187596126945,0.06760749550569715,#ff4e11,#ff8d66
Zfp804b,0.0006311760995129358,0.0004984681455034147,0.09722218713604383,#000019,#6767fe
Zfp869,0.0006311760995129358,0.0004984681455034147,0.0972221871360439,#000019,#6767fe
Zfp87,0.22077955706996555,0.9962564079584317,0.0009212363650459224,#38fe00,#88ff66
Zfp937,0.7824081824712703,0.3728547590133002,0.5351862243619998,#c85f88,#d88dab
Zfp950,0.9990110851276401,0.30654051722192616,0.07412400363891954,#ff4e13,#ff8d66
Zfp994,0.22811989637048688,0.9978285424512198,0.016153833152338756,#3afe04,#87ff66
Zkscan8,0.9999981193991858,0.307187596126945,0.06760749550569724,#ff4e11,#ff8d66
Zmym2,0.0004473095023828687,0.00175428339291801,0.09524870139779403,#000018,#6769fe
Zranb1,0.00041365080688699906,0.0031565058749861313,0.0934825988215422,#000118,#676bfe
Zscan2,0.5928974979106377,0.4375743659535853,0.82794745123136,#9770d3,#aa8adb
