,Arc,Prkcz,Nsf,Fmr1,gene
1190002N15Rik,0,114,605,0,1190002N15Rik
1500009C09Rik,0,114,605,0,1500009C09Rik
1700028J19Rik,58,372,6,345,1700028J19Rik
2010111I01Rik,629,350,60,4,2010111I01Rik
2410015M20Rik,171,29,2,1000,2410015M20Rik
2700060E02Rik,9,143,152,18,2700060E02Rik
4930415O20Rik,749,115,190,2,4930415O20Rik
4930430F08Rik,0,114,605,0,4930430F08Rik
4930444P10Rik,0,116,603,0,4930444P10Rik
5730480H06Rik,0,114,605,0,5730480H06Rik
8430408G22Rik,0,116,603,0,8430408G22Rik
9030612E09Rik,169,47,1,982,9030612E09Rik
9530077C05Rik,162,222,1,784,9530077C05Rik
9830107B12Rik,937,32,87,108,9830107B12Rik
A830010M20Rik,0,107,614,3,A830010M20Rik
A930004D18Rik,86,31,160,830,A930004D18Rik
A930011G23Rik,725,21,306,0,A930011G23Rik
AI467606,749,115,190,2,AI467606
AI846148,288,31,265,399,AI846148
AI854703,0,115,605,0,AI854703
Aaed1,0,116,603,0,Aaed1
Aard,165,182,2,810,Aard
Abca7,172,8,0,970,Abca7
Abra,1,1,0,0,Abra
Acan,931,19,66,198,Acan
Acp7,807,1,64,307,Acp7
Actr10,1,111,607,1,Actr10
Actr3,710,31,283,0,Actr3
Adamts1,709,59,282,0,Adamts1
Adamts10,9,143,152,18,Adamts10
Adamtsl5,5,114,571,54,Adamtsl5
Adgra2,1,145,572,4,Adgra2
Adrb1,28,214,22,50,Adrb1
Agpat4,401,0,8,535,Agpat4
Agpat9,749,115,190,2,Agpat9
Ahr,15,897,1,106,Ahr
Ahsa2,329,3,4,571,Ahsa2
Aif1,21,57,942,2,Aif1
Aim1l,1,1,0,0,Aim1l
Akap10,31,896,3,30,Akap10
Akirin1,1,244,76,21,Akirin1
Akt1,169,47,1,982,Akt1
Amd2,171,13,1,982,Amd2
Amigo2,191,6,0,952,Amigo2
Anapc10,1,143,553,22,Anapc10
Ankar,749,115,190,2,Ankar
Ankrd13c,172,3,1,967,Ankrd13c
Ankrd27,21,57,942,2,Ankrd27
Ankrd33b,100,65,46,120,Ankrd33b
Anks1b,327,3,4,565,Anks1b
Ap1ar,169,43,1,986,Ap1ar
Ap1b1,342,0,2,737,Ap1b1
Apaf1,171,13,1,982,Apaf1
Aprt,329,3,4,571,Aprt
Aqp4,168,53,1,975,Aqp4
Arc,1000,11,50,171,Arc
Areg,58,372,6,345,Areg
Arglu1,893,53,110,68,Arglu1
Arhgap39,157,9,25,934,Arhgap39
Arhgef15,171,4,41,895,Arhgef15
Arid1a,0,118,601,0,Arid1a
Arid1b,99,4,551,335,Arid1b
Arid5b,0,115,603,1,Arid5b
Arih1,2,338,14,22,Arih1
Arl16,168,52,1,976,Arl16
Arl4a,936,44,76,111,Arl4a
Arl4d,750,200,81,17,Arl4d
Arl5b,158,8,445,10,Arl5b
Armcx3,401,0,8,535,Armcx3
Armcx4,58,890,11,75,Armcx4
Armcx5,0,110,615,2,Armcx5
Arntl,1,282,25,45,Arntl
Arpp19,280,30,310,350,Arpp19
Arpp21,4,173,51,86,Arpp21
Asb14,3,419,19,22,Asb14
Asic4,342,0,2,737,Asic4
Asna1,0,125,603,0,Asna1
Aste1,1,157,565,4,Aste1
Ate1,21,57,936,2,Ate1
Atf3,887,18,149,62,Atf3
Atg16l1,85,41,947,2,Atg16l1
Atl2,712,101,242,1,Atl2
Atp8b3,722,96,236,0,Atp8b3
Atpif1,0,116,603,0,Atpif1
Aven,13,892,1,38,Aven
Avp,21,900,1,61,Avp
Avpi1,858,80,117,55,Avpi1
B3gnt2,6,135,141,20,B3gnt2
B430203G13Rik,5,233,45,25,B430203G13Rik
BC003331,629,350,60,4,BC003331
Bach1,6,135,141,20,Bach1
Bag3,0,110,615,0,Bag3
Bahcc1,170,9,0,973,Bahcc1
Banp,340,1,2,738,Banp
Bbs1,0,114,605,0,Bbs1
Bdnf,35,888,8,97,Bdnf
Birc5,0,118,601,0,Birc5
Borcs8,30,968,31,23,Borcs8
Bst1,21,900,1,61,Bst1
Btbd2,999,11,50,170,Btbd2
Btg1,629,351,59,4,Btg1
Btg2,712,101,242,1,Btg2
C130073F10Rik,101,31,851,21,C130073F10Rik
C2cd4b,712,101,242,1,C2cd4b
Cacna1b,11,1000,42,29,Cacna1b
Calcrl,17,111,35,190,Calcrl
Calu,169,47,1,982,Calu
Camk2a,11,998,42,28,Camk2a
Capsl,754,106,195,2,Capsl
Card6,999,11,50,170,Card6
Cbx1,2,308,74,34,Cbx1
Cc2d1a,11,998,42,28,Cc2d1a
Ccar2,168,53,1,975,Ccar2
Ccdc137,340,1,2,738,Ccdc137
Ccdc32,340,1,2,738,Ccdc32
Ccdc7a,754,106,195,2,Ccdc7a
Ccdc93,10,122,173,26,Ccdc93
Ccl27a,14,81,38,209,Ccl27a
Ccnk,95,51,163,794,Ccnk
Ccno,16,897,1,103,Ccno
Ccnt1,58,320,1,704,Ccnt1
Ccpg1os,0,114,605,0,Ccpg1os
Cd1d1,31,975,27,29,Cd1d1
Cd27,38,40,13,364,Cd27
Cd5,754,106,195,2,Cd5
Cdhr3,752,193,79,20,Cdhr3
Cdk11b,171,29,2,1000,Cdk11b
Cds1,632,358,45,0,Cds1
Cdv3,5,227,50,23,Cdv3
Cebpzos,0,116,603,0,Cebpzos
Cecr6,15,897,1,106,Cecr6
Cenpf,188,6,0,954,Cenpf
Cenpl,288,31,265,399,Cenpl
Cep295,0,115,604,0,Cep295
Chst14,3,419,19,22,Chst14
Ciart,168,52,1,976,Ciart
Cirh1a,340,1,2,738,Cirh1a
Cisd2,171,20,1,988,Cisd2
Cited2,58,890,11,75,Cited2
Clcc1,194,5,0,949,Clcc1
Cldn12,23,23,487,11,Cldn12
Clec16a,170,9,0,973,Clec16a
Clip2,92,334,1,686,Clip2
Clptm1l,188,5,0,955,Clptm1l
Clrn1,0,116,603,0,Clrn1
Cnnm1,0,114,605,0,Cnnm1
Cnnm4,361,0,4,720,Cnnm4
Coa3,288,31,265,399,Coa3
Cog1,202,1,0,939,Cog1
Col10a1,3,140,125,32,Col10a1
Col15a1,16,893,0,106,Col15a1
Comp,21,900,1,61,Comp
Copg2,0,116,603,0,Copg2
Coq2,912,43,68,184,Coq2
Cox7a2l,0,116,603,0,Cox7a2l
Cpeb4,116,217,1,746,Cpeb4
Crebzf,0,115,604,0,Crebzf
Crlf3,0,109,615,0,Crlf3
Csnk1a1,22,56,937,2,Csnk1a1
Ctf1,0,110,615,0,Ctf1
Ctnnd1,85,41,947,2,Ctnnd1
Cul3,116,7,510,335,Cul3
Cul9,752,193,79,20,Cul9
Cwc25,23,25,476,11,Cwc25
Cxadr,440,18,449,114,Cxadr
Cyp11a1,116,7,510,335,Cyp11a1
Cyp2t4,58,890,11,75,Cyp2t4
D130040H23Rik,16,897,1,103,D130040H23Rik
Dars,0,116,603,0,Dars
Dbpht2,171,13,1,982,Dbpht2
Dck,340,1,2,738,Dck
Dcun1d3,356,0,3,724,Dcun1d3
Depdc7,22,56,937,2,Depdc7
Dhrs7,0,115,605,0,Dhrs7
Dhx16,0,128,597,0,Dhx16
Diras1,0,114,605,0,Diras1
Dlk1,749,115,190,2,Dlk1
Dlx5,0,116,603,0,Dlx5
Dmxl1,0,116,603,0,Dmxl1
Dnaja1,632,358,45,0,Dnaja1
Dnaja4,190,6,0,952,Dnaja4
Dnajb1,632,358,45,0,Dnajb1
Dock7,0,116,603,0,Dock7
Dpm3,0,116,605,0,Dpm3
Dpyd,1,244,76,21,Dpyd
Dscc1,754,106,195,2,Dscc1
Dusp10,712,101,242,1,Dusp10
Dusp14,177,137,0,868,Dusp14
Dusp16,752,193,80,20,Dusp16
Dusp2,15,107,36,193,Dusp2
Dusp4,15,897,1,106,Dusp4
Dusp6,629,350,60,4,Dusp6
Dusp8,174,4,2,969,Dusp8
Dyrk2,1,115,593,5,Dyrk2
Edar,101,31,851,21,Edar
Egflam,723,30,299,0,Egflam
Egr1,712,101,242,1,Egr1
Egr2,712,101,242,1,Egr2
Egr3,13,892,1,38,Egr3
Egr4,629,349,61,4,Egr4
Eif1a,23,25,476,11,Eif1a
Eif2b1,21,57,942,2,Eif2b1
Eif2s1,169,35,2,993,Eif2s1
Eif5,632,358,45,0,Eif5
Elavl1,86,31,160,830,Elavl1
Epc1,329,3,4,571,Epc1
Ephx2,627,366,43,0,Ephx2
Eprs,627,367,41,0,Eprs
Errfi1,632,358,45,0,Errfi1
Esm1,3,0,1,3,Esm1
Extl1,92,334,1,686,Extl1
F13a1,749,115,190,2,F13a1
Fam118a,0,114,605,0,Fam118a
Fam122a,0,115,605,0,Fam122a
Fam150b,288,31,265,399,Fam150b
Fam174b,0,116,603,0,Fam174b
Fam189a2,318,20,260,390,Fam189a2
Fam53c,11,990,48,24,Fam53c
Fam57a,1000,11,50,171,Fam57a
Fam78a,8,199,62,28,Fam78a
Fbl,96,60,158,793,Fbl
Fbxl2,0,110,614,2,Fbxl2
Fbxl4,327,3,4,565,Fbxl4
Fbxl6,0,110,615,0,Fbxl6
Fbxo18,155,3,43,926,Fbxo18
Fbxo33,629,350,60,4,Fbxo33
Fbxo34,40,32,100,289,Fbxo34
Fbxo42,342,0,2,736,Fbxo42
Fbxw7,191,6,0,952,Fbxw7
Fdx1l,1000,11,50,171,Fdx1l
Fgf8,95,33,874,19,Fgf8
Fkbp6,484,0,7,594,Fkbp6
Flrt3,132,82,1,885,Flrt3
Fmr1,171,29,2,1000,Fmr1
Fos,709,59,282,0,Fos
Fosb,712,101,242,1,Fosb
Fosl2,710,56,283,0,Fosl2
Foxg1,376,129,177,46,Foxg1
Foxk1,3,334,18,19,Foxk1
Foxo1,627,367,41,0,Foxo1
Frat2,0,120,599,0,Frat2
Frmd6,629,350,60,4,Frmd6
Fto,168,53,1,975,Fto
Fut7,754,106,195,2,Fut7
Fxyd2,0,116,603,0,Fxyd2
Fzd4,3,334,18,19,Fzd4
Fzd5,6,135,137,21,Fzd5
Gabra4,0,114,605,0,Gabra4
Gadd45b,710,31,283,0,Gadd45b
Gadd45g,0,115,605,0,Gadd45g
Gas2,0,116,603,0,Gas2
Gata3,752,193,80,20,Gata3
Gatad2b,627,367,41,0,Gatad2b
Gch1,0,116,603,0,Gch1
Gcm1,0,110,614,0,Gcm1
Gcnt2,1,115,593,5,Gcnt2
Gdpd5,0,116,603,0,Gdpd5
Gemin4,14,895,1,34,Gemin4
Gimap8,445,36,449,80,Gimap8
Gipc3,101,31,851,21,Gipc3
Glce,191,6,0,952,Glce
Glrx3,16,893,0,106,Glrx3
Glt28d2,0,125,601,0,Glt28d2
Glyr1,340,1,2,738,Glyr1
Gm10130,749,115,190,2,Gm10130
Gm10184,754,106,195,2,Gm10184
Gm10250,0,114,605,0,Gm10250
Gm10696,749,115,190,2,Gm10696
Gm13889,627,367,41,0,Gm13889
Gm14685,177,31,0,965,Gm14685
Gm20425,754,106,195,2,Gm20425
Gm21830,288,31,275,390,Gm21830
Gm28036,1,113,605,1,Gm28036
Gm3854,3,425,16,21,Gm3854
Gm43786,79,897,10,43,Gm43786
Gm45140,749,115,190,2,Gm45140
Gm4847,717,59,278,1,Gm4847
Gm7276,368,0,5,707,Gm7276
Gm7694,5,150,127,20,Gm7694
Gm973,169,47,1,982,Gm973
Gm9925,5,229,50,24,Gm9925
Gmeb2,55,26,94,284,Gmeb2
Gmppb,31,896,3,30,Gmppb
Gnb1l,186,42,0,935,Gnb1l
Gphn,5,233,45,25,Gphn
Gpr157,327,3,4,563,Gpr157
Gpr19,171,13,1,982,Gpr19
Gpr22,21,87,30,173,Gpr22
Gprc5b,5,227,50,23,Gprc5b
Grasp,3,334,18,19,Grasp
Grb2,14,895,1,34,Grb2
Gria1,627,367,41,0,Gria1
Gria2,0,116,603,0,Gria2
Grin1,14,129,113,46,Grin1
Gstm2,749,115,190,2,Gstm2
Gstm5,11,990,48,24,Gstm5
Gstp1,0,116,603,0,Gstp1
Gyg,6,153,57,92,Gyg
H2-DMb1,484,0,7,594,H2-DMb1
H2-Q10,16,899,1,63,H2-Q10
Haghl,4,146,134,19,Haghl
Harbi1,3,282,87,59,Harbi1
Has2,17,111,35,190,Has2
Hexa,171,20,1,988,Hexa
Hilpda,172,3,1,967,Hilpda
Hipk3,0,116,603,0,Hipk3
Hist1h1d,58,372,6,345,Hist1h1d
Hist1h3i,749,115,190,2,Hist1h3i
Hmgcr,37,965,21,29,Hmgcr
Hmha1,327,3,4,565,Hmha1
Hnrnpf,887,18,149,62,Hnrnpf
Hnrnpul1,936,44,76,111,Hnrnpul1
Homer1,629,351,59,4,Homer1
Hpn,3,418,20,22,Hpn
Hpx,749,115,190,2,Hpx
Hras,632,358,45,0,Hras
Hrh2,170,33,2,994,Hrh2
Hrh3,0,116,603,0,Hrh3
Hs6st1,0,116,603,0,Hs6st1
Hspa1a,357,0,3,723,Hspa1a
Hspa1b,356,0,3,724,Hspa1b
Hspb3,0,2,0,1,Hspb3
Hsph1,2,131,581,7,Hsph1
Htr5b,101,31,851,21,Htr5b
Ier3,1,205,47,54,Ier3
Ifrd1,712,101,242,1,Ifrd1
Igf2r,627,367,41,0,Igf2r
Ighv5-17,368,0,5,707,Ighv5-17
Ikbip,1,267,62,27,Ikbip
Ikzf1,0,114,605,0,Ikzf1
Il16,999,11,50,170,Il16
Il34,342,0,2,736,Il34
Il3ra,0,114,605,0,Il3ra
Ildr1,749,115,190,2,Ildr1
Ilvbl,998,9,50,173,Ilvbl
Impg2,1,111,607,1,Impg2
Ing2,195,0,3,949,Ing2
Ipmk,632,358,45,0,Ipmk
Iqcg,0,110,615,0,Iqcg
Iqub,168,53,1,975,Iqub
Irf9,387,2,6,545,Irf9
Irs1,329,3,4,571,Irs1
Irs2,144,38,112,864,Irs2
Iscu,11,990,48,24,Iscu
Itga7,723,29,300,0,Itga7
Itgam,5,181,44,92,Itgam
Itgb7,723,30,299,0,Itgb7
Jade3,171,8,34,909,Jade3
Jag1,201,0,2,943,Jag1
Jdp2,632,358,45,0,Jdp2
Jmjd1c,21,57,942,2,Jmjd1c
Jun,440,18,449,114,Jun
Junb,712,101,242,1,Junb
Jund,629,349,61,4,Jund
K230010J24Rik,21,900,1,61,K230010J24Rik
Katnal1,55,26,94,284,Katnal1
Kazn,5,227,50,23,Kazn
Kcna4,0,115,603,1,Kcna4
Kcnj2,99,4,551,335,Kcnj2
Kcnma1,37,965,21,29,Kcnma1
Kctd12,0,110,614,2,Kctd12
Kctd6,187,8,0,958,Kctd6
Kctd8,22,56,937,2,Kctd8
Kdm6b,36,15,479,13,Kdm6b
Keap1,0,116,605,0,Keap1
Khdrbs2,0,116,603,0,Khdrbs2
Klf16,40,32,100,289,Klf16
Klf2,629,350,60,4,Klf2
Klf8,170,32,1,997,Klf8
Klhdc2,632,358,45,0,Klhdc2
Klhl21,101,4,547,326,Klhl21
Klhl26,723,29,300,0,Klhl26
Knop1,2,130,582,8,Knop1
Krba1,23,23,487,11,Krba1
Krcc1,0,116,603,0,Krcc1
L3hypdh,169,47,1,982,L3hypdh
Lat,8,201,61,27,Lat
Lats1,4,173,51,86,Lats1
Lbh,723,29,300,0,Lbh
Lgals1,92,334,1,686,Lgals1
Lgmn,3,334,18,19,Lgmn
Lif,114,21,4,877,Lif
Lin7c,936,21,66,193,Lin7c
Lmo7,11,990,48,24,Lmo7
Lonrf1,35,888,8,97,Lonrf1
Lrrc10b,0,115,603,1,Lrrc10b
Lrrc48,36,15,479,16,Lrrc48
Lsm7,5,233,45,25,Lsm7
Lyrm2,172,8,0,970,Lyrm2
Lysmd3,10,295,10,152,Lysmd3
Lysmd4,5,150,127,20,Lysmd4
M1ap,754,106,195,2,M1ap
Malsu1,170,9,0,973,Malsu1
Maml2,11,1000,42,29,Maml2
Mamld1,30,209,22,54,Mamld1
Mapkapk2,171,13,1,982,Mapkapk2
Mapre1,752,193,80,20,Mapre1
March11,0,121,598,0,March11
Mcl1,627,365,44,0,Mcl1
Mea1,13,891,1,38,Mea1
Mest,31,975,27,29,Mest
Mettl7a1,1,111,607,1,Mettl7a1
Mfap1a,3,149,82,70,Mfap1a
Mfap3l,2,338,14,22,Mfap3l
Mgst3,168,52,1,976,Mgst3
Minpp1,2,308,74,34,Minpp1
Mis12,5,114,573,53,Mis12
Mkks,318,20,260,390,Mkks
Mmp12,754,106,195,2,Mmp12
Mn1,1,205,47,54,Mn1
Mobp,627,367,41,0,Mobp
Mrpl42,14,895,1,34,Mrpl42
Mrps16,21,57,942,2,Mrps16
Mrps23,195,0,3,949,Mrps23
Mrps26,627,367,41,0,Mrps26
Msmo1,912,43,68,184,Msmo1
Mtch2,5,114,569,54,Mtch2
Mtrf1,0,115,603,1,Mtrf1
Myd88,5,114,569,54,Myd88
Myeov2,0,114,605,0,Myeov2
Myl12b,0,116,603,0,Myl12b
Myom1,722,96,236,0,Myom1
Naa30,10,122,173,26,Naa30
Nab2,0,115,604,0,Nab2
Naf1,114,234,1,733,Naf1
Nap1l5,16,897,1,103,Nap1l5
Ndnl2,186,4,34,917,Ndnl2
Ndufs4,14,81,38,209,Ndufs4
Ndufs5,1,110,599,9,Ndufs5
Ndufv1,0,116,603,0,Ndufv1
Necap1,11,990,48,24,Necap1
Neurl4,0,110,615,0,Neurl4
Neurod2,357,0,3,723,Neurod2
Nexn,749,115,190,2,Nexn
Nfam1,187,8,0,958,Nfam1
Nfil3,723,29,300,0,Nfil3
Ngrn,5,114,573,53,Ngrn
Nkrf,10,295,10,152,Nkrf
Nkx2-2,999,11,50,170,Nkx2-2
Npas4,723,29,300,0,Npas4
Nppa,722,96,236,0,Nppa
Nptx2,85,41,947,2,Nptx2
Npy1r,912,43,68,184,Npy1r
Npy5r,16,893,0,106,Npy5r
Nr2f1,5,181,44,92,Nr2f1
Nr4a1,710,56,283,0,Nr4a1
Nr4a2,712,101,242,1,Nr4a2
Nr4a3,629,352,58,4,Nr4a3
Nrg2,99,4,551,335,Nrg2
Nrip1,15,897,1,106,Nrip1
Nsf,50,42,1000,2,Nsf
Nsmaf,318,20,260,390,Nsmaf
Ntpcr,445,36,449,80,Ntpcr
Nuak1,627,367,41,0,Nuak1
Nuf2,30,214,21,50,Nuf2
Numb,627,367,41,0,Numb
Nup50,0,116,603,0,Nup50
Nupr1,290,3,6,773,Nupr1
Odf4,754,106,195,2,Odf4
Olfml2b,171,20,1,988,Olfml2b
Olfr635,99,41,6,677,Olfr635
Orc5,0,110,614,0,Orc5
Otog,21,900,1,61,Otog
Otud1,627,365,44,0,Otud1
Oxr1,0,114,605,0,Oxr1
Pak6,0,125,603,0,Pak6
Palb2,15,895,1,109,Palb2
Parg,0,116,603,0,Parg
Pcdh8,171,29,2,1000,Pcdh8
Pdia4,10,289,9,157,Pdia4
Peli1,169,43,1,986,Peli1
Per1,725,21,306,0,Per1
Phlda1,752,193,80,20,Phlda1
Phtf1,10,141,154,21,Phtf1
Pick1,0,114,605,0,Pick1
Pigb,23,23,487,11,Pigb
Pigm,89,41,958,2,Pigm
Pira2,749,115,190,2,Pira2
Pkd1,0,114,605,0,Pkd1
Plagl1,748,107,195,2,Plagl1
Pld6,5,233,45,25,Pld6
Plekho1,0,121,600,1,Plekho1
Plk2,629,349,61,4,Plk2
Plk3,712,101,242,1,Plk3
Pmm2,99,4,551,335,Pmm2
Pnp,710,56,283,0,Pnp
Pnpt1,168,53,1,975,Pnpt1
Poc5,0,120,599,0,Poc5
Polr2d,11,990,48,24,Polr2d
Ppat,118,7,508,345,Ppat
Ppic,33,171,28,79,Ppic
Ppm1d,1,293,16,47,Ppm1d
Ppp1r15a,627,365,44,0,Ppp1r15a
Ppp2r2a,0,114,605,0,Ppp2r2a
Ppp6c,168,53,1,975,Ppp6c
Prep,632,358,45,0,Prep
Prickle2,16,897,1,103,Prickle2
Prkcb,118,7,508,345,Prkcb
Prkci,327,3,4,561,Prkci
Prkcz,11,1000,42,29,Prkcz
Prmt3,0,291,23,40,Prmt3
Prnp,14,895,1,34,Prnp
Prokr2,14,895,1,34,Prokr2
Prom2,16,899,1,63,Prom2
Prpf38b,8,201,61,27,Prpf38b
Prr15,0,115,604,0,Prr15
Psmb8,90,325,1,695,Psmb8
Psmc3,0,116,603,0,Psmc3
Ptger4,118,7,508,345,Ptger4
Ptgs2,883,21,151,59,Ptgs2
Ptpn22,0,114,605,0,Ptpn22
Pxn,627,365,44,0,Pxn
Rab11fip2,44,125,520,54,Rab11fip2
Rab2a,11,990,48,24,Rab2a
Rab39b,8,201,61,27,Rab39b
Rab3b,11,998,42,28,Rab3b
Raf1,173,9,1,977,Raf1
Ranbp2,0,114,605,0,Ranbp2
Rasd1,627,367,41,0,Rasd1
Rasl11a,1000,11,50,171,Rasl11a
Rbbp5,327,3,4,561,Rbbp5
Rbbp8,0,125,601,0,Rbbp8
Rbm38,3,340,13,19,Rbm38
Rbp4,41,889,3,36,Rbp4
Rbsn,40,32,100,289,Rbsn
Rdh16,14,895,1,34,Rdh16
Rfc5,9,143,152,18,Rfc5
Rfx2,16,897,1,103,Rfx2
Rfx7,92,335,1,685,Rfx7
Rgmb,318,20,260,390,Rgmb
Rgs2,712,101,242,1,Rgs2
Rgs4,627,366,43,0,Rgs4
Ripk3,749,115,190,2,Ripk3
Rnf128,14,81,38,209,Rnf128
Rnf138rt1,106,41,150,824,Rnf138rt1
Rnf149,79,30,182,806,Rnf149
Rnft1,887,18,149,62,Rnft1
Rnpc3,5,236,43,26,Rnpc3
Rom1,0,116,605,0,Rom1
Rora,168,21,0,978,Rora
Rorb,340,1,2,738,Rorb
Rpl21-ps4,749,115,190,2,Rpl21-ps4
Rpl36a,0,116,603,0,Rpl36a
Rpp21,15,895,1,109,Rpp21
Rsbn1l,632,358,45,0,Rsbn1l
Rsrc1,329,3,4,571,Rsrc1
Rundc1,13,892,1,38,Rundc1
Samd11,0,115,603,1,Samd11
Samm50,1,145,572,4,Samm50
Sbds,116,7,510,335,Sbds
Scd3,30,968,31,23,Scd3
Scg2,116,234,1,734,Scg2
Scg3,999,11,50,170,Scg3
Scrn1,288,31,275,390,Scrn1
Sdcbp,145,27,107,886,Sdcbp
Sebox,101,31,851,21,Sebox
Sec61b,752,193,80,20,Sec61b
Serp1,883,21,151,59,Serp1
Sf3b1,0,115,604,0,Sf3b1
Sgk1,190,8,441,10,Sgk1
Sgpl1,910,43,69,184,Sgpl1
Sh2d3c,175,125,0,883,Sh2d3c
Shc4,2,320,64,41,Shc4
Shmt2,893,53,110,68,Shmt2
Siah2,710,31,283,0,Siah2
Sik1,710,31,283,0,Sik1
Slc14a1,723,29,300,0,Slc14a1
Slc16a1,3,421,15,21,Slc16a1
Slc18a2,288,31,265,399,Slc18a2
Slc18b1,17,111,35,190,Slc18b1
Slc20a2,1,131,585,5,Slc20a2
Slc23a4,358,0,3,722,Slc23a4
Slc25a25,5,236,43,26,Slc25a25
Slc2a3,2,111,571,27,Slc2a3
Slc2a5,327,3,4,563,Slc2a5
Slc35c2,0,116,603,0,Slc35c2
Slc36a4,26,81,135,64,Slc36a4
Slc5a10,749,115,190,2,Slc5a10
Slc6a6,22,56,937,2,Slc6a6
Slc7a15,21,900,1,61,Slc7a15
Slco2a1,14,81,38,209,Slco2a1
Smad7,748,107,195,2,Smad7
Smc1b,21,900,1,61,Smc1b
Smg9,710,31,283,0,Smg9
Smndc1,632,358,45,0,Smndc1
Snrpd2,0,116,603,0,Snrpd2
Snx18,723,30,299,0,Snx18
Snx4,5,236,43,26,Snx4
Sorcs2,4,146,134,19,Sorcs2
Sos1,440,18,449,114,Sos1
Sowahc,725,21,306,0,Sowahc
Spata2l,1,205,47,54,Spata2l
Spcs3,9,123,165,24,Spcs3
Specc1l,92,334,1,686,Specc1l
Spin2c,639,4,35,283,Spin2c
Sptlc2,340,1,2,738,Sptlc2
Spty2d1,8,201,61,27,Spty2d1
Srek1ip1,171,29,2,1000,Srek1ip1
Srf,723,29,300,0,Srf
Srgap1,858,80,117,55,Srgap1
Ssna1,1,114,603,1,Ssna1
Ssxb2,545,0,10,532,Ssxb2
Stard3nl,5,227,50,23,Stard3nl
Stmn4,90,325,1,695,Stmn4
Stx2,173,9,1,977,Stx2
Sumf2,94,324,1,697,Sumf2
Suv39h1,5,233,45,25,Suv39h1
Syt4,357,0,3,723,Syt4
Syt5,96,60,158,793,Syt5
Tada2b,10,295,10,152,Tada2b
Tax1bp1,114,234,1,733,Tax1bp1
Tbc1d17,356,0,3,724,Tbc1d17
Tbcel,146,7,90,855,Tbcel
Tceb2,0,116,603,0,Tceb2
Tcta,11,990,48,24,Tcta
Tdrp,0,110,615,2,Tdrp
Tes,749,115,190,2,Tes
Tgfb3,22,56,940,2,Tgfb3
Tgs1,162,218,1,789,Tgs1
Thap4,936,21,66,193,Thap4
Thoc7,632,358,45,0,Thoc7
Tiparp,627,365,44,0,Tiparp
Tlr13,3,419,19,22,Tlr13
Tmed2,4,146,134,19,Tmed2
Tmem119,168,52,1,976,Tmem119
Tmem151b,0,116,603,0,Tmem151b
Tmem167,155,3,68,869,Tmem167
Tmem201,0,115,603,1,Tmem201
Tmem253,924,35,97,95,Tmem253
Tmem39a,202,1,0,939,Tmem39a
Tmem47,99,4,551,335,Tmem47
Tmem50a,936,21,66,193,Tmem50a
Tmem8b,79,30,182,806,Tmem8b
Tmprss9,15,895,1,109,Tmprss9
Tmx4,629,351,59,4,Tmx4
Tnfrsf23,749,115,190,2,Tnfrsf23
Tnip2,0,115,605,0,Tnip2
Toe1,887,18,149,62,Toe1
Tox4,21,57,936,2,Tox4
Tra2b,145,27,107,886,Tra2b
Traip,725,21,306,0,Traip
Trappc6b,3,425,16,21,Trappc6b
Trhr,6,221,51,23,Trhr
Trib1,710,56,283,0,Trib1
Trim11,0,116,603,0,Trim11
Trp53inp2,885,20,149,61,Trp53inp2
Tsen54,167,2,35,928,Tsen54
Tspan33,49,41,984,2,Tspan33
Tuba1b,22,56,937,2,Tuba1b
Tubb2a,725,21,306,0,Tubb2a
Tubb3,0,116,603,0,Tubb3
Tubb4a,0,115,604,0,Tubb4a
Tubb4b,4,146,134,19,Tubb4b
Txnip,459,0,8,480,Txnip
U2af1l4,170,13,1,980,U2af1l4
Uba3,342,0,2,736,Uba3
Ubc,629,351,59,4,Ubc
Ube2a,627,367,41,0,Ube2a
Ube2d3,158,8,445,10,Ube2d3
Ube2l6,36,890,6,31,Ube2l6
Ube2o,0,116,603,0,Ube2o
Unc5a,116,7,510,335,Unc5a
Uncx,99,41,6,677,Uncx
Uqcrc2,889,17,148,64,Uqcrc2
Urb1,49,38,16,361,Urb1
Usp17lc,21,900,1,61,Usp17lc
Usp27x,5,114,570,61,Usp27x
Usp36,725,25,302,0,Usp36
Uspl1,0,115,604,0,Uspl1
Vamp1,999,11,50,170,Vamp1
Veph1,55,26,94,284,Veph1
Vmn1r63,21,900,1,61,Vmn1r63
Vmn2r10,749,115,190,2,Vmn2r10
Vwa3b,0,115,604,0,Vwa3b
Wbscr16,931,19,66,198,Wbscr16
Wdfy2,0,121,598,0,Wdfy2
Wdr26,16,897,1,103,Wdr26
Wdr34,0,114,605,0,Wdr34
Wdr45b,170,13,1,980,Wdr45b
Wdr83,41,889,3,36,Wdr83
Wwc1,0,114,605,0,Wwc1
Zbtb11,0,115,603,1,Zbtb11
Zbtb21,174,4,2,969,Zbtb21
Zbtb33,627,367,41,0,Zbtb33
Zbtb41,0,116,603,0,Zbtb41
Zc3h11a,1,267,62,27,Zc3h11a
Zc3h12c,1,114,603,1,Zc3h12c
Zc3h6,94,324,1,697,Zc3h6
Zdbf2,889,17,148,64,Zdbf2
Zdhhc2,0,114,605,0,Zdhhc2
Zfand5,16,897,1,103,Zfand5
Zfp207,116,234,1,734,Zfp207
Zfp24,31,896,3,30,Zfp24
Zfp26,101,4,547,326,Zfp26
Zfp276,1,289,18,47,Zfp276
Zfp281,26,81,135,64,Zfp281
Zfp385b,30,968,31,23,Zfp385b
Zfp52,0,114,605,0,Zfp52
Zfp553,1,189,58,52,Zfp553
Zfp59,887,18,149,62,Zfp59
Zfp654,0,116,603,0,Zfp654
Zfp655,0,114,605,0,Zfp655
Zfp668,1,111,607,1,Zfp668
Zfp799,101,4,547,326,Zfp799
Zfp804b,0,1,0,0,Zfp804b
Zfp869,46,887,10,87,Zfp869
Zfp87,0,110,615,0,Zfp87
Zfp937,168,37,1,982,Zfp937
Zfp950,0,114,605,0,Zfp950
Zfp994,0,291,23,40,Zfp994
Zkscan8,2,338,14,22,Zkscan8
Zmym2,5,114,570,61,Zmym2
Zranb1,0,116,603,0,Zranb1
Zscan2,116,217,1,746,Zscan2
